PC1,PC2,PC3,PC4,PC5,PC6,PC7,PC8,PC9,PC10,PC11,PC12,PC13,PC14,PC15,PC16,PC17,PC18,PC19,PC20,PC21,PC22,PC23,PC24,PC25,PC26,PC27,PC28,PC29,PC30,PC31,PC32,PC33,PC34,PC35,PC36,PC37,PC38,PC39,PC40,PC41,PC42,PC43,PC44,PC45,PC46,PC47,PC48,PC49,PC50,PC51,PC52,PC53,PC54,PC55,PC56,PC57,PC58,PC59,PC60,label
-13.264025169690537,-2.4641212242480575,0.021943387914111375,-2.4888133968067603,0.3370637073627435,-0.8293998958482337,2.6593952015187847,-0.7687048679046087,2.4288580589492317,-0.11255807375304425,1.0355428570159533,-1.5487237064648842,1.3799295350564866,-1.3864402813338748,0.6519733874686824,-1.2000072462247673,1.1881596805029186,-0.8235422546156516,0.16291838993750724,-0.4343057628564555,1.5427421906060126,-0.11945229888604779,0.31313875526167234,0.661256673380722,-0.41360937391374497,-0.2844963571116562,0.3196644937666678,-0.1529687608871211,-0.41994358028467926,0.9336071742210289,0.47564290844971296,-0.17728076803707277,-0.16543348279622555,-0.6759339280336035,0.5600106635524315,0.13116151143140947,0.12683859502688266,-0.13241125007609375,-0.14993927300059967,-0.012584386907386733,-0.015270210724272188,-0.07719957941475868,-0.12994675108501674,-0.0438098615408076,0.076123849893579,0.06549018275092919,0.056590065758116585,0.007627719820487343,0.05477154361988008,0.035594762087036616,0.05647014237032666,0.010799095239830076,0.01026695108430566,0.0173504549836059,0.0036535114783344154,0.018849702752148638,0.028466681200882218,0.007433728064183009,0.0007200179031926692,5.831317645427286e-16,Colin
-10.038457461611738,-2.166546516123794,2.506581141048001,-0.2539614353617513,-0.40594944714110176,-1.6651169734995241,1.552981963835934,0.38261196950754767,2.2689732723130795,-0.9491987243898121,0.7030551237258074,-3.025631634254784,0.7285209588855246,-1.5152552719712815,0.5707491243013699,-0.5595829177114471,2.300497028957618,-1.2500684374747506,-0.4134517821656937,0.5309795867153363,1.0052742514139625,0.1307168033387104,-0.24633964547018858,0.7176605540882111,-0.08923017576371421,-0.3861172052101859,-0.1576571244750541,-0.6349149035766153,-0.1315995730203917,-0.37156810348123254,0.0858105532413773,-0.06048201574117368,-0.11737560008455622,0.3270010300935891,-1.0392012384772769,-0.15515105737586396,0.10107517053630635,0.19691411637725253,0.11501302673362407,0.14728965497263644,-0.0751896654756291,0.06027101821060934,0.022443413344508712,-0.054698096946292546,-0.015406983238160529,-0.08756348236734304,-0.033091391407956944,-0.011343769442729742,-0.006944679536130907,0.020698829167537354,-0.009410936560197064,-0.004359039871005591,0.002782249491413761,-0.021983186298872692,0.011156825065726716,-0.007129227409691111,-0.031203483591491207,0.0021657075831214906,0.004880401569891614,-1.2788158279117935e-14,Colin
-12.778845483190196,-3.111944541733775,0.5840067726406647,-1.2363382210919578,1.8317390021143922,-2.643419730839804,1.128526800772096,-0.029227846220325236,4.470638508474579,0.9139772823030502,-0.07614457770014182,-0.10885044796967856,1.0311340777354807,0.8138763377930796,0.4256561536525483,0.6949113071818992,1.5433315206508897,0.152292257432001,0.7736633320617263,0.6037757798868814,0.5247347510819947,-0.42837708593279766,-0.2937612812475363,-0.8472607153885497,0.040987878268248255,1.0255195188422672,0.6777282905362525,-0.12130762606392007,0.2240760305481761,-0.22239756180225845,-0.8489922086553383,0.19201598825103475,1.017141384291477,0.42385089455346964,0.5025103579661395,-0.10569417167429654,-0.09369211772808313,0.09913999639622183,-0.11066651167477788,-0.04997633756717544,0.019554489256856537,-0.12670779768569065,0.09249468731682603,-0.020430261362825084,-0.08175161188243196,-0.03814561435497709,-0.043469936284776176,0.013403755751761257,0.04312362165046233,-0.01705236521856106,0.013444561094546554,-0.010962963862765848,-0.014289872369824175,0.003382242875600247,0.0027473176878422653,-0.005818811773171569,-0.010302459793235368,0.002297225706222323,-0.005284476302819881,5.438716894626783e-15,Colin
-14.25111410441901,-5.595761135238733,1.732166978322967,-1.0309169777073048,2.4689060150159747,-2.5119248830063423,0.13707688743450086,2.5945970607405777,1.2968728062417567,-0.16648913421526484,0.03642688968897519,-0.03435103542473604,0.49766603944327187,0.5910177140697871,0.07841676816522969,-0.8542070394428355,-1.7330425838690098,-0.4392296504165807,-0.0923343583359077,-1.2883578921447123,-0.46888833542810304,0.3832790072025301,-0.48313741515575004,0.23130584157268902,0.01754634263102767,-0.3362930925971639,-0.3383488819750305,0.6180745461750055,0.2329533358981837,-0.3744544454106065,0.4043974890523531,0.5110537923166507,-0.18882593429070116,0.20472585735244084,-0.05370278880714236,0.22618004875758482,-0.15977801954576148,-0.26192499754610676,0.13391152639831763,-0.029055026765494308,0.16105258374708006,-0.4849300121725874,-0.012577388961437473,-0.20735818572404457,-0.04880025427408501,-0.06548613636023921,-0.008486502774073533,-0.03324262277617509,-0.06401016697613846,0.030477749280626888,-0.031106954032025947,0.006658362689098864,0.014996269921350197,-0.00830911317494854,0.003770553025362197,0.00921593248835155,0.003461248201274168,-0.0016335367355262993,0.0031195462776460853,-6.112583111956712e-15,Colin
-12.675745227048466,-6.947676550414986,0.43189094317646126,-1.2660672124312127,3.1117352507482745,-1.8841757376799946,0.8719834491926073,1.8800925691244499,0.3068178066038582,0.7623739198621949,-0.4637664075041701,0.16064403894107732,0.7572124736568089,0.001018930304248602,0.6341728203878699,1.069123535008145,-1.0333594722232358,0.2276649293106672,-0.6760628646587216,-1.8218406039942732,0.0019043248841128684,-0.2852819974487707,-1.0192007356780575,0.7034261339025843,0.4101018605164112,0.30298961830995447,-0.4230057238054728,1.3997344092569137,0.00785902743689054,0.1532040308907166,-0.2851285356559801,-0.07352253244505515,-0.001184033332666151,-0.06968977613712352,-0.07250672922861787,0.08113694628708593,-0.007728914970650272,0.17803890027202873,-0.16587472688696855,0.2721402005852373,-0.0035828029988891705,0.367930733315196,0.13778215759767828,0.137665267948742,0.12473296070262578,-0.004137485193747817,-0.021744107279761248,0.03531285001359423,0.01194218821576424,0.013438197616807573,0.0010134312746332308,0.03810121074893236,0.018014243773209315,0.0014355160875499104,0.0010613718077093928,0.007682076880293268,0.0008224082826129182,-0.0034378029215002648,-5.566058117727731e-06,1.5150323438897658e-16,Colin
-17.815050904962266,6.8383522364349165,-2.927034865634896,3.217940120271651,1.663612955792969,3.264595177211583,-3.3409042737857146,0.8420198681109218,-1.403802378505111,-0.5483029988259812,0.02324160340559439,-0.6285620916469208,-0.9445096868250149,-0.07340681968373909,2.9708983329617697,-0.7381085097947169,-1.4823680320483585,1.8610619505271864,-1.0922001613929209,0.5196485724835109,0.6193878358510124,-0.9669702737288182,-0.8947244367354394,1.367983744481958,-0.34289692275140826,0.7042602581399421,1.4393307953158014,-0.44995330427628616,0.6693473580808086,-0.032879619317237506,-0.06625712065701019,0.04740494521545091,-0.15127990610593856,-0.07517624099555102,-0.0553681280017767,-0.03806514462943454,-0.03185906958448295,-0.03953222368541409,0.05648280406591759,-0.0271433461533852,-0.04037459016352353,-0.014245197614810117,-0.014353759777189312,-0.021084910321530703,-0.011821237607922686,-0.005349395376132738,0.007320787743978906,0.008680045225130181,1.4425158203555784e-05,0.0023222956517091513,0.00043336475980626185,-0.0016199287697132967,0.0004879222948590496,0.0009849864217502016,-0.0005041604240668212,0.0017011194088778704,-0.001982850321965686,0.001289769596352092,-0.0006653912227687671,2.0033767472677003e-16,Owen_Dummy
-18.198453966778594,6.98899407878321,-1.6417232825578836,0.9197514351105861,2.626541788988003,1.704326544788787,-2.1896940862583514,0.3778262918871045,-0.669501169285127,-0.9854530327523853,-0.29888188494435913,-0.2317555680108033,0.9014940087336614,0.9482802536262087,1.2086880683959005,0.31496323393555503,0.8600293853498548,0.2029007716016012,0.8198721502293864,0.2726623812188865,0.05340330107332391,0.722841605275072,-0.8765518492015293,-2.5739119955172205,0.073284333463812,0.6731608961762284,0.14151556987241484,0.5135466434011627,-1.1719612650956188,-0.32583179320984323,0.3850867550788971,-0.40064022913803005,-0.44362964831922796,-0.3633084533046241,-0.2052098724467607,-0.10939276882432322,0.011923869634266818,-0.0169139946615503,0.0318012250150356,0.008097598176347092,0.014921486436049054,-0.016604344673564173,0.01191203883478686,-0.010250274914202764,0.017172030091640027,0.00698973494533281,0.007584144780000218,0.002037615386251406,-0.012502595382184394,0.004177549676750839,0.002654243961076299,0.003489776742018187,0.00035429571491594987,-0.0009166917805192755,0.0003812024471645588,-0.00012032940634949177,-9.366971528532038e-05,-0.0019887224776075295,0.00011384701164411227,-1.7241262932001273e-14,Owen_Dummy
-19.34324367636026,6.610037117976565,-4.696951298687656,0.06573021977018101,2.292059531702053,1.036294531991094,2.203921905245978,-1.1902660381074537,-0.051343857885272806,1.1785800419882677,-0.9006952451105052,-1.0832168407315157,-5.4354639386493515,-1.3939518893056757,-3.7762492591975714,0.5077191922628141,-1.0228287544779289,-2.478820668170829,-0.10916190576515496,-0.25619959428841105,0.43279399111721767,-0.05032779598345177,-0.19602992921462278,0.0790187062150156,0.1878113265146348,0.4471992613650607,0.09587801457154817,-0.002848568939709322,-0.0931912243770926,-0.24797066413774607,-0.14553377182817936,-0.16072923418070886,0.05784581464566957,-0.04937031597453422,0.08532478699839405,0.02386207286770339,0.022774679127990177,0.01465797051554378,0.03843605244873315,-0.03234539852276307,0.020019539485690917,-0.0020666894603323036,-0.010421139411637395,0.016215156278141837,-0.011911304858575309,-0.008012719935176355,-0.0010251858985021994,0.0048509215707543745,-0.008318439720682316,-0.0037073180101576497,0.0041079723522520414,0.0015859181652392407,-0.002948896669295948,0.0004289829627989924,0.0026348164084472932,0.002036888705583301,-0.0014734847778139575,0.0002209017411059367,0.0004936774343176619,-1.9778567720231296e-15,Owen_Dummy
-18.893214841825586,6.976483847746774,-2.0062626852037577,1.9980781452825755,2.1690063978680474,1.178956262561691,-2.7088317359853216,-0.8212423658408569,-1.3592393134384755,-0.8543476434181374,0.7829178041812076,-1.5665988661986459,-0.7960498557980897,0.09545557339416948,1.4396750463490016,-1.3277571804487962,0.25823430919181023,1.492308610941984,-0.32689127845807703,-0.8344331057106669,-0.39090445553516495,0.6819407700376708,1.2593393307850655,0.4659966917983893,0.3762872240077936,-1.2762874411034668,-1.5579864845857134,-0.22384826924135673,-0.6342543839733449,-0.18116327110970193,-0.2829916817989513,0.002913317374294613,0.8388336362890055,0.19996919775757743,0.29850194548011966,-0.07007211626436399,0.03954073656682078,0.053522268582776145,0.00898010297069814,-0.012546163072039354,0.031383326091338426,0.038661330333923015,0.009515168708221902,0.00031973680976669845,-0.001558672422480624,0.0043224388754332784,0.016064845456272566,-0.005231598116813629,0.005467411717735778,0.002981835788586255,0.007819394667278606,-0.0035629145524172057,0.0033197514104103105,0.0026489407390077532,0.00258260788923192,0.0010133303987794138,-0.0021924215822490757,0.0016099832414917254,-0.0010006952459950826,-5.307559545855591e-16,Owen_Dummy
-16.973403739565768,5.593420473415197,-0.4942595687048171,0.24347205972992733,3.1247030982670005,1.4683515882787257,-2.1597981796597865,0.043325648197657614,-0.125415965305987,-1.7023219159769445,-0.105376218246767,0.8258806235554104,0.831557249293129,0.04191192577044711,-0.30110769568528134,1.6095831286470057,0.7294217067910388,-1.051151100992235,-0.18111038984306946,0.90604009764677,-0.1254080458099349,-0.024330559303109543,1.2368988306674251,-0.950722078336854,-0.011203867073331457,-0.09959028962684956,-0.6968650501723154,-0.09717068362238764,1.3025751860592152,1.1159043661614791,-0.27355689496085916,0.5695571465137917,-0.5911335573872419,0.2334244930673337,-0.12061273809836288,0.2456712812020573,-0.055616635643769854,-0.0019043528629638284,-0.15992967130889113,0.14589439215612812,-0.03076233405855693,-0.0021858799855667913,0.02563091669126035,0.001089178143887844,0.02438318099049125,0.020357436224011045,-0.006656922146663203,-0.013796195000380656,0.005614408868770032,0.0034389667649425667,-0.01642953016554641,-0.00326473322602967,-0.003192082756014156,-0.003557944082250423,-0.002364290665682693,-0.002966187883338535,0.0038030410415808183,-0.0020903647289789782,0.001173146372888484,3.741263023593904e-15,Owen_Dummy
4.3104458213983445,-0.36003403433420245,-0.5898814881762733,-0.3709884803956944,-1.356447523274586,1.0304119533149951,-1.5651229274629752,1.2150056841371142,0.910855791456094,0.8745305107081915,1.6448939288532634,-0.8171416062453757,-0.39339795154976837,-0.1790077344173794,-0.15953573443938712,-0.4668339678465014,-0.04804154053207748,-0.08717202935582777,0.4586755664220713,-0.18539403946075977,-0.9315532751641048,0.6814893106003784,1.0875029032678567,0.35157226529405555,-1.0450085888621012,0.8896040896331517,0.17903677607095186,0.019901731515869246,-0.2721074007296204,0.01694634509040985,0.20011968614851688,0.13779778646799173,0.26975383809524156,-0.4061091533061355,-0.12816902105645225,0.513709031734506,-0.024606519548795173,-0.04332995618242084,0.0025645002526368155,0.046837418377064524,-0.29021713025632256,-0.07408310169853177,0.1416789422627801,0.02180056436017279,0.036161684490705094,0.00011599059115381002,-0.10026258283088718,0.018547897258634018,0.0522736979019299,-0.023726862688628194,-0.047946288834824796,0.08546984162111121,-0.0032986109639480256,0.03794620425487397,-0.06711536107253412,-0.03817234977386386,-0.05985523604787369,-0.02393666985608772,-0.006980473396328956,-3.379702014310222e-15,Connor
3.3813717563102306,-1.8422998967498492,-1.9773533398391183,1.2521665689037356,-1.2543631248612197,-1.5092577140702312,-0.8460587840323108,-0.2530021326753758,-0.22410814385658717,-0.21199679716576317,-1.0613891825368533,0.3909634481358248,0.3085298224105711,-0.5394307870206531,0.4128199205975544,0.5992381984508901,0.7138469571426863,-0.23204271181402467,-0.2175483919504363,-0.5039858758273035,0.0432441178713359,0.03094042156407454,-1.1799312560365154,0.05974909282392324,0.4715629299975716,0.21633927460021177,-0.8858021855260276,-0.528079249262277,0.34986969861680844,0.061347309250053744,-0.31718196496117573,-0.2689534501147274,-0.36246482597470725,-0.0049469124367026995,0.24413212748010754,-0.20445516752981657,0.029374985735569365,0.19709247977868063,0.06634546401159004,-0.1913918886364022,0.11507012515016025,-0.07127993586433969,-0.17417240905856052,-0.02591373840715975,-0.03937927477951088,0.12338171184234106,0.05218535094814481,0.015856073256965458,-0.036043781061044194,-0.035462841240969066,0.0113157585791152,0.10648219233992418,0.0959295144270277,0.021124944035373808,-0.07230085599611387,-0.06551577029161011,-0.04023127697468831,0.018290513185653855,0.009793451877556734,-7.471489324909199e-15,Connor
5.120224040972926,-0.4611655939971435,-3.9277639994705935,-2.2454070827205728,-2.645093046411086,1.0937874447651381,-2.4971491445876843,1.931584442376562,0.350178575074759,0.08285686133662004,0.9569019288251004,-0.8066019022559032,1.0106467296944286,-0.07179952894232905,-0.9337648306035575,0.21734591311935433,-0.4626948232225423,-0.14921300325159648,-0.7140795787295635,-0.4826634250793241,-0.0788059400600244,-0.566032777102605,0.33524757556004464,-0.1661102078981158,-0.34453325196128753,0.23201329500474727,-0.10569159957768341,0.20591289400543425,0.12392220814933122,-0.21296285472578366,0.07743341698171158,-0.3612918422859003,-0.13125834551618074,0.16035008460549754,0.1758498699454606,0.14388171798090593,0.19066531313822857,0.3276936273566044,-0.041699459577934986,-0.2263773305698208,-0.013983284446247812,-0.040707655908400656,0.04973461463421064,-0.10256381731446709,0.1613419937745247,-0.03715888429190594,0.14906641668018167,-0.013264314283365523,0.017517609878332244,0.08169369483326396,0.05076727773798692,-0.04812045932305333,-0.05924188398692961,-0.11393104713214765,0.004765402011332038,-0.05481873656278861,-0.011035475171020288,-0.0015034207463570882,-0.039734536043571085,-1.4087759072412936e-15,Connor
4.521330235678206,-0.7411189284520648,-2.779996550503007,0.2562811980787762,-2.868460866571742,-1.5247099129441286,-0.547782881574573,-0.38039150436050406,-1.3723627826828426,-0.42126967588616027,0.37542985767702497,1.565805635743629,-0.4253985063709688,1.6092824589267243,0.6144607069136904,0.25403786094352504,0.12034092130322588,-1.1906675248396899,-0.6126163981206052,-0.2517335279150139,-0.08241237362025502,0.08864508379986363,0.09645417840671072,0.023049495902936267,-0.6964638709914841,0.16660942780688434,0.23284739842880386,-0.39957474675189314,-0.41743694979647583,0.2763364427578467,-0.30398988659408277,-0.19362055805197553,-0.008178421563814724,0.04651279551031247,0.4263356604444336,-0.19505002492087675,-0.027707467260125795,-0.0005467915199520437,0.06875798731886563,0.402997144350559,-0.1750795340018963,-0.0030462503485484374,-0.13723862909791767,-0.05456362868241646,0.10541970113401479,-0.20344717429160533,-0.08282689008006842,-0.08531808886699391,-0.12619754570624298,0.045007748016443486,-0.056234772965015466,-0.01955490206615983,0.07892429010991789,-0.0017817542173858786,0.05876476492607169,-0.018153474913626157,-0.011507355278854232,-0.013460378453114548,-0.019231876001540055,-9.282869167280257e-15,Connor
4.769809066300015,1.8387586226250936,-1.502709270136335,0.14831184943818104,-0.7728523764211885,1.7972656792593311,-0.4823623022296223,0.8138608939444223,0.17734038850707323,1.5411188520375567,0.6596995222023854,-0.39192015075076403,1.39190350312319,-1.949658862333388,-0.9412344819159492,-0.1426712000518078,0.059555307805993676,0.2946336355812855,-0.31291804682153945,-0.4223356900191712,-0.209270289189629,0.41118991864645854,-0.03746495302579414,-0.05252646726793585,0.9765967261237178,-0.14566812892893297,0.27164230638781206,-0.3204363826986438,0.02676054512197763,-0.06880984381988156,-0.34969653891423386,-0.08081285090658742,-0.017264160000833858,-0.09116431742603803,-0.15608798885268022,-0.2573716277124493,-0.05924384195919629,-0.3865372973093901,-0.2614134861589605,0.019854999609502696,0.08371419591416283,0.04536328861757602,0.048553205368590126,-0.15219071729211806,0.13271381629388784,-0.10987943766938389,-0.16575120713916353,0.038370816724182105,-0.06338919843470606,-0.10943093353624005,0.037575183491830075,-0.061519327006784134,0.018128115421319674,-0.007903007279750724,-0.07308518197374196,-0.016746222418594258,0.05106091169380418,-0.007183449248563069,-0.031935899913842644,-8.564078698868639e-15,Connor
1.6014402595225625,-1.101788692596437,1.7456392565662457,-0.051354459723201774,-0.5547722094341332,0.9211435221478605,-3.4815045904162703,1.0710820967547612,1.5234442787321327,0.3100157345136687,1.0515117260946552,-1.2515180297652482,0.04283465588786743,2.12884455339706,-1.9945779679497972,-0.42630361065498223,0.26248139339519244,0.05999007513850724,-0.7420271358043798,-0.044752559833137515,-0.6237017849784797,-0.4792264498680096,0.15654749741096124,0.5371720143412951,-1.203337649300493,0.1241556158444294,0.09526733616806456,0.14907259988832763,-0.5951635738363156,0.48363253760981084,-0.04035033240866019,-0.16486308719191733,-0.40935042680301975,0.2720732928946183,0.12993417234603186,-0.35040069487298947,-0.006144844190482034,-0.02346559881904931,0.016609264121992588,0.14756253268396732,0.31390541939010747,0.07259891358705063,-0.037426678960425765,0.045022272538491205,-0.23750952968738362,0.08078136036945373,-0.15527875347507053,-0.003657821309800473,-0.017952034736859145,0.03318704820407398,0.05335560883735378,0.007615830173554478,-0.04885451782747276,-0.027587924567433548,-0.04105085558097899,0.022637341966780813,-0.00351548507635109,0.011313471725616205,0.01663312435229076,-1.0752151712848743e-14,Matthew
2.921733687212968,-2.4472761965965684,-0.19916818195242672,1.2388626768237843,-0.35844983991615414,1.4855647994798717,-0.6076982366323054,0.06093943426464161,0.5774949879627413,1.2062619693180794,-0.595853814015199,-0.1437543597262926,1.0467427662011028,-0.7296885165719877,-0.7445207452485397,0.3741428273810276,-1.4495191257645148,0.4746632061087134,-0.518719267368169,0.8115667612718959,0.735115584074329,0.3767275338816799,1.099508317668776,-0.03596367972450579,1.417582763976198,-0.6791023119771603,0.8706905754532059,0.7526360949531681,-0.3465864833948147,0.5954420706141549,-0.2599097606928769,-0.6198598065462069,-0.12172102954502446,0.24714763453468488,-0.050109057935943536,-0.062130095628649615,-0.06510488600811291,0.14097231234362526,0.2159232708684238,0.014474325439977504,-0.031297995421142366,-0.021260847851393306,0.019857802113739786,-0.19776914700905612,-0.13854475174334555,0.031484779831157446,0.03345451609431448,0.08086854880193194,-0.0070853324563948435,-0.0038351484009890727,-0.017431373057718875,0.0562672842185674,-0.01586109744122511,0.06793882229781735,0.04305966729724909,-0.021173644661785267,-0.021040006616828484,-0.01844068098613145,-0.01913315783077913,1.2459792885620215e-14,Matthew
5.2201256750553595,-2.82281913950392,0.05454072028216006,1.0428795921372185,-0.6294160761808453,2.0887595668075907,-1.455108358472633,0.1015983151054515,0.9865486494166363,-1.948362170796788,0.032572223570074804,0.20233435192357707,-0.6062499966305485,0.27646908321349795,-1.0263500288101128,-0.6463338508455734,1.1457342715851588,0.49019604825786783,-0.5560596641391804,0.38890724407707145,-0.3722081366829255,-1.1658292419976257,-0.4468440875816981,-0.057561760982490794,1.1652755236212833,0.3289126595483281,-0.39797517814591143,-0.06728574595241174,0.22742786157808273,0.0741871199692332,0.8271546430085993,-0.11337062119255092,0.11905299297337014,0.030395337272122555,0.1503258206103212,0.12573798746089018,-0.08670974896445369,0.26450919589551714,0.2350360306830923,0.05374201147885404,0.2532231441384948,-0.06700402538241042,-0.025365362937840707,0.047528877187387866,0.1979178383076477,-0.13710050847073837,-0.0909253847100114,-0.07271346194134543,0.09083362833476546,-0.024561492130340062,0.03182258391100018,-0.046342374830134245,-0.015784773551953124,0.08894348980064554,-0.0003632117290267969,0.01629991701141885,-0.00792063840864747,-0.031066543852677212,0.004480304270121694,1.2925810330798686e-15,Matthew
-1.4819114989108295,-0.7630608797866687,3.842827914397777,2.67576101939806,-1.8298643037579971,-4.046289229488888,1.7036261657062306,0.39968677652953716,-2.6758874003030177,-0.9132398033880947,-0.922763931604907,-1.2028230006920302,-1.0909724759273196,2.595288429700684,1.477708687290351,0.6462029114772437,-0.4576803289606722,-1.3304864397636533,0.7022076129403436,1.4479953394246516,-0.29966750118196417,0.9443159814627263,0.38737739638759666,0.6736140689377251,0.4029819032043829,-0.07433585201166718,0.587385119062276,0.05178317162674507,-0.36011714322399585,0.13220427639162108,-0.187525141421843,0.35656139589293745,0.056139274843460325,-0.11674292350841801,-0.08693270539822485,0.11343091201894322,-0.22711952469817176,0.007242436123050205,-0.1327736576210586,-0.11718812771492046,0.3828970972056281,0.0994709134554012,-0.0720514035114431,-0.05528241075379151,0.20508735701521882,0.035426764129346644,0.026512844835193127,-0.0272993648963134,-0.008459633216109251,-0.05729731290328113,0.03824752319980157,0.021276342256299964,-0.052061092770857534,-0.012592598974903864,-0.00585634479035058,-0.009126948084132289,-0.027365221411214974,0.008516772465820256,-0.014546129013604038,4.054519132050351e-15,Matthew
7.59142704888545,2.352793926210515,2.919624289257679,1.6845987927324784,-4.502404354516734,-2.4153276308615856,-2.3647829838674683,-2.265529058588084,0.018589333972360646,-0.460144659930326,-0.7790319569938537,-0.9352132463075241,-0.42335208519943046,-0.7077743340023791,0.6361490689571018,-1.282900174844783,-0.5325831059496902,-0.6143455234520132,-0.2640612230056257,0.3727692187007319,-0.19052714239950785,-0.07750838589332372,-0.2606197166805423,-0.5262527563864963,1.4255077319279748,0.48464253857118694,0.28817078848586886,0.14890614180048542,-0.04019334279787293,-0.07506713865122211,0.30020407540921495,0.534664790044252,0.22734596568802656,0.14555119579083287,0.13288796198582897,0.5113336518830434,0.6425243360091412,-0.04205420108772643,-0.028696524839491835,0.17236150091642322,-0.013777014343727344,0.15744810110257773,0.028085685874413308,-0.07366276249681772,-0.14896878519965995,0.03293865326065063,-0.04612240151778922,-0.07014641036052194,-0.01289503297287832,0.07913493325419145,0.018808331527165427,0.030873277384591984,0.027975151160874713,-0.020804039464524537,-0.011284153651527455,-0.005402468435149305,0.032270499324658426,0.02793474865242408,0.0007363957688349034,1.385633358573446e-14,Matthew
6.036740693871981,-0.41817063277895267,-0.7859567069491906,-6.067888075429776,-2.831139071688677,1.214639111597293,-0.20425910560173072,-0.5047927337636656,-1.5206356574420903,1.373938087278573,0.7830314809829192,-0.1436420619326922,-0.8530244029390734,0.1268799568667968,1.1637906986961395,-1.7450025395819015,0.5387797586455095,-0.5276473147623618,0.9104106591401446,0.8059036029894361,-0.9051975137189826,-0.16998500669238867,-0.23129232103585687,0.33219650111625565,-0.35572081233738245,0.8652132795889919,-0.9086044103964813,-0.17829685005718895,0.06422725899818003,0.003604619869196102,-0.7286173713634827,-0.22756085141893534,-0.316611156366959,-0.07629484423091921,-0.19074577389686448,0.08740388851019673,-0.07125620965087599,-0.09680485633784208,-0.002195194465849499,-0.04147873968391942,0.19965725597393388,-0.0389265570759054,0.21630102773732118,-0.05393795889636396,-0.043839567245205796,-0.07260872822424265,0.08311391881469218,0.11283434989427639,0.015840155167028594,0.0649231188423433,0.06548077878172055,0.04054009047340692,0.03035432145395523,0.045793515003190385,0.05431630359297947,0.013925068443574988,0.04329905097749424,-0.018036667218796952,-0.0035625574192243666,-6.565446392149925e-15,Owen
3.5291433160460466,3.0647539788148386,-1.852851214277238,-4.764481603598489,-0.9655361010143984,-3.853059090094305,0.40419702580967615,-0.5968438468136874,1.866815680443276,-1.1465869086681582,2.3606375739589356,1.3336505542894281,-2.4609067203597172,-0.426011726514204,1.2033165023934036,2.144630020355725,0.8894745382041525,0.8038307083298533,-0.7484716888246559,-0.5238276175380451,-0.9309884414933249,0.8849598581898257,-0.6720275962897907,-0.03936380820477828,-0.6758208949546496,-0.5279968496805431,0.26348294662028254,0.32267391741896506,0.09349584215044428,0.11386361020385738,0.25732913467019963,-0.11552897301098411,-0.20338596065021616,0.33452646626979443,-0.023133120139952938,0.11416111544548302,0.027832405074090214,-0.1211343847461224,-0.09607019142080475,-0.2744438465723277,-0.07104260763608365,0.21358381459519754,-0.03850559102840352,-0.17231551338394316,-0.10197647752409744,0.007698404752164824,0.00560754626884838,-0.04484531225134192,0.06286059589915684,0.003170477323273359,0.020947345336325127,-0.08094625644571674,0.011202095344864394,0.06137691865100425,0.0007462032285380767,0.013384300953108183,-0.017253808846987014,-0.00024033728160978952,-0.01938347808426836,2.90729892519941e-15,Owen
5.181749828395205,7.577845899269512,-0.06929154176108598,-4.983078878986627,0.7804537670875556,-4.776127628147912,0.7243518124300804,0.4104858572488777,1.309889539512027,-3.5938607840473984,-0.15531976981595824,0.22976225070973247,0.08812918851924237,-0.692845850183257,-0.9528558041288437,-2.556704654347412,-0.9040077771971583,0.4354088952149877,0.5911756237904595,0.9047939242012399,-0.9457609941837666,-1.3238473553516545,-0.3914756998719072,-0.38291243762029936,0.0836977385049563,-1.0180784348647114,0.15794046603787038,0.11091135498921784,0.2739940467481337,-0.16552198404688423,-0.14063705855261954,-0.37142883602343885,0.10839242561616064,-0.47811873259308957,-0.007965760108341217,0.010559991125780738,-0.5156920783551845,0.17569927684192593,-0.21856617201300246,0.08527511374631326,-0.09546946801862563,0.06793393433904354,-0.030317862702528127,-0.044089884855768764,-0.06879907812370285,-0.001963305182562114,-0.026766442865819143,-0.038688939369404575,-0.02268904789328787,-0.002462779024659735,-0.031204878771906114,0.05117020600420343,-0.016907473756394804,-0.025648456100222223,-0.0034844667571677767,-0.007970641360756767,0.0019874961965824713,-0.0016281703778334518,0.00273032507634465,-2.4138021579002493e-14,Owen
2.22029859708481,8.54420722582279,1.5651960205054987,-1.9623944982401806,2.7345039087170444,-4.464498792655393,-0.6283352277160782,-0.5988045623750701,1.6419844113644129,0.27989135849178076,1.4069583680781939,1.3303682153843541,1.350844716861813,-0.6394096128117337,-0.31952414803001367,1.8041273773594408,0.3305830810384443,0.2341323583362074,-0.24498893813646794,-0.21006944367336178,-0.9066266716221525,-0.9620335695901355,1.6140501794694961,0.42369156043078776,0.1719882606006687,0.5317234942816049,0.5438833790073943,0.3117049773146683,-0.07949634313515963,-0.2958947352699884,-0.17321714498558854,-0.17931663835148912,0.25936433585759733,-0.19497848752081381,-0.3542508347191428,0.030574943093988772,0.240250937258431,-0.14657995066847823,0.3038992973217631,-0.07601338531150277,0.1940347734460822,-0.026728879509127387,-0.18164074808974584,0.16398348873088828,0.06266751623828067,-0.021383245304264387,0.09757292743216558,0.021815038126448104,-0.06629258777918076,0.017734583114682047,0.012159077841986122,0.007909159918158423,0.05155711280482892,-0.004721095465003857,-0.006698072515917635,0.015500953036329063,0.014505767375551416,-0.009736961767950556,0.014937253912582276,-1.4632166310003357e-15,Owen
1.9183060581483249,2.188385765131351,0.8358581116198535,-1.2532278206089245,-2.714369744555398,-0.7583544487937466,-0.7704294379395812,-0.4237026833948869,-1.2403676847860714,2.1378387348290477,0.7266866105501049,-0.07984449842703908,-0.19384295449295913,-0.18611018429725243,-0.9012688760050214,-0.3734308164242109,-0.03658997820337146,1.1513745279815473,0.8344936149336813,0.4567226169264676,1.0896056638270253,-0.1994151440312676,0.07462168519404255,0.13182706029258465,0.006443364940560397,0.9030050179983724,-0.44023921274689526,0.3137040455849543,-0.1399255436200896,0.09197832983947768,0.355061737692688,-0.006358921682279091,0.1900282166769676,0.4844643863400811,-0.10941539179840654,-0.011665682907565506,-0.4195255403623918,-0.1695511408439618,-0.043308938346474424,0.08012692050310047,-0.003962017343414516,0.09217095122335288,-0.14136726676242542,-0.16607346259789826,0.09811952722451603,0.2103914845374625,0.0063757693936582465,-0.01241983291633687,0.10992008317425832,-0.011190688310034802,-0.06911115343147371,-0.02556445174339647,0.06764431851932552,-0.06118630518574444,0.015436590085660212,-0.0013326919245694496,0.0071941534958419795,-0.034094473235383595,0.037990125217579454,-3.0920743231395202e-15,Owen
12.885424805374011,-3.497244436223844,0.3427344587549849,-1.7833569669734681,2.1094190496953167,2.3830064036081535,-0.7595589937175268,0.34076434416172735,-1.1718887157917954,-0.5684197127796757,0.3240480909153839,-2.173033249993637,-0.563171306899954,-1.2245245924548724,-0.7427971698624422,0.23922460338181456,1.047463762188059,1.0719223536995468,0.2060663183899236,0.05951554515897927,-0.4087104574797487,0.6150319414705986,0.0035971026038617328,0.12104881603198663,0.5735562127550093,0.5769880006791316,0.10349759684019719,0.39182176910578587,-0.021576218807666837,0.6225197923647381,-0.1486218953091296,0.1665438746126898,0.09688758262904204,-0.2879507996392654,0.027591200075882436,-0.08638732101622401,-0.31205309751331056,-0.06243543469041132,0.14753875932410337,-0.17432342985254992,-0.003344581141277906,0.004453909830460575,0.02129323484076526,0.02708174694695526,-0.008936961725449343,-0.17639428223117043,0.016980898185680545,-0.033315396035039295,0.01643764538824025,0.030982974413674515,-0.07453174860108713,-0.01835170407173755,0.02916674229420603,-0.03908601413049937,0.02028856645195553,0.02120376774818342,-0.020029713547902908,0.09833149649390485,0.008853662242562938,1.5431286519672589e-15,Ian
7.885048399039844,-3.728221465489025,-0.7005341041985006,-2.4289504500886827,0.5530341411817407,-0.16073002006268994,-3.078262290428708,-0.08272858517054889,0.6735143023896439,0.8695316797830102,-0.22168439543409035,-0.304744816240506,-1.1523259633261265,-0.2391697353557531,0.3823259982631335,1.4911145633792344,0.22353846885448825,0.6449275751795768,0.9610869811253481,-0.4300510313176178,0.5786070676093613,0.8369191901760646,-0.06873741934273957,-0.11068529585645594,0.46599466057190625,-0.3292059283775765,0.17580374890308245,-0.4228483670245013,0.220912794363423,-0.22990200729721394,-0.06466833991989585,0.0416963200574784,-0.03959998004878617,0.06117221511810113,-0.03296624768358571,0.0006004525458479206,-0.14702546029718266,0.05642353434866958,-0.09381247341019988,-0.1734347885790464,-0.16367949438112817,-0.009472126477340055,-0.14810769983242175,0.055218605451428766,0.1388519995291164,0.011355001229732143,-0.1405841665288248,0.0347117774979488,-0.09894450865862904,0.18134089742863502,0.014874462609796373,0.06872554347469162,-0.08982685662943982,0.01798029901458009,0.007823750505595127,0.003827401776305866,0.035095322309334175,-0.015080986358147785,0.04570725003214992,6.085768458315161e-16,Ian
11.007228555136619,5.235530148136189,3.528158498909444,-1.4443863473787946,3.6950701266558323,4.725861116848108,-3.803033019219486,-1.524185179942973,-2.117187669110202,0.5895717440235233,-0.5576242836449234,2.0310805948996227,1.7913506763014386,-1.2999907651212665,1.2926409325381578,0.7484425115280693,0.3525939406418982,-3.63676806447677,1.4873841083248427,-0.0972319851416744,-0.21966830286950004,-0.3460303994177102,-0.7148223158244249,1.0171512517505636,-0.2294520723904665,-0.5019067287188551,0.18038793540331943,0.5421294158235064,-0.08249764856711012,-0.09356331607206882,0.40180916445447035,-0.06351802571637752,0.49463229016832944,0.19717288557692966,0.09174739712451044,-0.12986052435294382,-0.13223584299753954,0.03650467833609079,-0.053598591625293235,-0.06316218280584884,-0.03940359273783241,-0.017310488653509596,0.005542633900979726,-0.00912767152740576,-0.06338198597006187,0.002927694923640677,-0.0132510698272522,-0.01601258913326723,0.027375744280901247,-0.0037770835427538866,0.008426730593255773,-0.011500629431345558,-0.005915577130472854,0.0015219833357964045,-0.0031240671115697178,-0.000710840407147141,-0.007549731742290104,0.001129936847484553,-0.0023445423405678415,-3.8024723438965895e-15,Ian
12.860390369066636,-1.1635864086357246,-0.05759459636840099,-3.9883178997185165,0.6695073746971214,-2.5660222274710587,0.8563158745754483,-1.25746166028591,-1.0644550045096406,-1.1514607094924236,0.6419363398525313,-0.38181353483761765,-1.7391299032079655,-1.4599932656975527,1.8814649412353457,1.4776544732357277,-1.217052524536933,-0.016839872904088584,-0.47089444198429764,-0.05715493579615668,-0.021021294998551078,-0.20952125561162546,0.07070793145824725,-0.5189486960237447,0.2210918376852853,-0.5489630078372912,0.31458934066282584,-0.3521136351867109,-0.37333954347024156,0.17375631705474506,0.021372053420829158,0.14855647049281925,-0.10626774451188539,0.0217441023064824,0.05982977931409,-0.24888590599253693,-0.039256591364011585,0.04363331671277883,0.1229454373624559,0.34787715411927106,0.07520843992113997,-0.29602284773446813,0.2185900403844446,0.13851023003222504,0.05673434965990924,0.160793482087492,-0.03219857049959789,0.1100799486579641,0.08361216114626607,0.027360963145680754,0.005608067183587254,-0.07656014171434956,0.0037204315406080585,-0.020865477825999675,-0.020070515035593674,-0.03730521874422999,-0.001293630305562087,0.010037189716286083,0.012254251639950338,-6.058940142238218e-15,Ian
8.404371810068314,-2.524305613634224,1.5722074222735982,-0.1899187148387195,1.0604083806403555,-0.17598444687701062,-2.2132351149366616,0.975397909084969,1.6554109913449633,1.256895263871718,0.21468909169598951,1.4416624562551998,-2.3647039483711327,-1.2322478208747947,0.9205011379950606,0.624137427644201,0.7086390362350931,0.9137742045980599,1.1456070092974588,-0.7405285451358551,0.6061539751141619,-0.46544793138605306,0.09064517403134548,-0.1415644663591178,-0.2446670208659389,-0.29149987142004563,-0.09492470532239612,-0.22208726782646795,-0.16484748164608906,0.2020643365347595,-0.0008335339218840881,0.23725019649039716,-0.2127453708365862,-0.13348471858108452,-0.08875588903211616,-0.051086997425119955,0.22735991272302755,0.13759286456449418,0.06299222617177073,-0.04425440271672186,0.12223505339288696,-0.061560570897150266,0.04763742817279565,0.02871242081664812,-0.018483648436221946,0.04678031272648798,-0.05319240044939021,-0.1308310646396896,0.003442184566934835,-0.1706670126402696,-0.03698732730266048,0.10847401459598718,-0.019415700163790017,-0.05564056660548365,0.05703728317023498,0.019376412648026996,0.028023362168530942,-0.013554009300169182,-0.042876400863995884,-1.307278235654703e-14,Ian
-8.786091098893364,0.6488761559167032,-3.1230176144940103,5.336388074162072,-1.2287039463157396,-0.9691923174831013,1.5517660665084463,-0.8456913202043934,-0.04270381577566798,-0.25509759969594953,1.8321638179543422,1.535787699046269,0.7416352346493204,0.883165473628178,-1.2386747079191598,-0.2738160995818721,0.32150972601237215,0.2868990347046319,1.4066359310180772,-0.12795481247866172,-0.09151990629198441,-0.45072773691737117,0.41768978483826247,0.45942240267771106,-0.6702341735943258,-0.2709330346917181,0.3648353408653425,0.06803682283884561,0.035396029283445686,-0.2520766517967323,0.46400277604911533,0.0208378236989262,-0.14894025235691555,0.22388778996991812,-0.01732301638008052,-0.18303503350129738,0.09721553957900696,0.10293876700988729,-0.028210795210998455,-0.0957676770007787,0.079943870012648,0.06519905129942458,0.23357192730103288,-0.02091295599772598,0.09001530977766237,0.057926469067922086,-0.010768871038677958,-0.023574194952582103,-0.028236066337917302,0.006265618206025064,-0.07387919265136052,0.00966992958824808,0.003441602426534341,0.06346354010586323,0.018801465161236895,-0.07615369015647729,0.05744309766567818,0.05855047597676305,0.019057506649414396,-3.732536729202689e-15,Joshua
-7.190648018742792,-3.6960195098575563,-0.11178617783805146,-2.037961113476046,-0.41638481382877723,-0.47279032548882655,2.0307842556432814,-1.8151523214527603,-3.555536474684354,0.18161358661693183,0.17577352634886714,1.4046600737758963,0.23513707478782628,-1.2669685427152908,-0.33096290609865836,-0.25631275976998763,1.036099284708222,0.8029632550358624,0.38599029740875757,-0.36431781324157597,-0.5213595469944083,0.246610089333609,-0.1452233473742051,0.012978936736625637,-0.1259222247212674,0.35128235009335873,-0.012785892761850081,0.25075109936060874,0.28223311477675767,-0.0033403659760879263,-0.15120491863864688,0.3209840333865069,0.0445256237248077,-0.15880071833969017,0.09535813785991898,-0.27737653560173114,0.03162819288382617,-0.16135828698126614,0.36733517816831507,0.289606032693054,-0.1427572781190285,0.07519589595467673,-0.048755144880537594,-0.1275028889711005,-0.05413458096649889,-0.042528650144416785,0.12685123852932553,-0.11039393730737962,-0.0056501056644375665,-0.05306990509656807,0.07580385969552048,0.014250175155175432,-0.12471289964840264,-0.0024799453355214616,-0.021022822949109482,-0.03798093726317193,-0.0001796346880191811,-0.010600533832257127,0.029067368420732747,2.7605490390770596e-15,Joshua
-3.6871032783663353,-1.2948097787011215,-2.2586994602315396,-0.25151534895267846,-1.3289123262355202,0.3744200373007241,2.2199668950009035,-0.5006957819901122,-2.6064902931387506,-0.5430187854036549,0.7364741026761906,0.7578405295775398,0.5006192301598057,-0.5415099136915423,-0.6775271649157523,0.05811659544148165,0.7904352360923368,0.7514436853726166,1.1447922908320767,0.2320504172296631,0.12080507349461218,-0.10206699031390788,0.15555502849679806,0.06959792616002092,0.11273178148680567,0.16091898589379025,-0.08599677222816965,-0.011688390445318659,0.46518458458459966,-0.5197473467474517,0.3176643007669401,0.09443439640208268,0.005413748057884694,0.09708268580746238,0.09016129589902602,-0.23913944487969416,0.03313152037274248,-0.050675751183248005,0.024459035216083985,0.1870121372004845,0.06138462423201324,-0.001944779949282626,-0.05673437465418184,0.022734947391544632,0.012063241345852316,0.14746957495808166,-0.005476615581024139,0.07421482718932809,-0.024653870347155462,0.11998550917480925,-0.04995130056076727,0.034293728464891995,-0.018562170042029404,0.014227899450705081,-0.03127315759155572,0.07734564647601946,-0.028650473838468762,0.013331285274868578,-0.08956206934123653,-3.017841293359801e-17,Joshua
-5.33899349474223,-2.306719481644803,-2.743789369412662,0.7485158765730645,-1.4579127099842053,0.9358610131769881,-0.10206425314282107,-2.3003944351387666,0.25264606331051903,0.09582951588124883,-1.133589981197697,2.8687815664102887,0.22361800735717383,-0.5781190409773113,-0.6806768198358227,-0.044487411343097596,0.552697721849056,0.6083403709610864,-0.101838751762736,0.09828736828849567,-0.9487091994466005,0.24245861709559405,-0.06418116612378867,0.04824390150234228,-0.07037970732941665,-0.5868739725723469,0.4972566008047292,-0.32160967452473754,-0.007283047256871902,-0.16153759365666612,0.2732824834395299,0.002140343682126797,-0.10239205679573565,-0.0005509987245502994,0.1604424797607813,0.03195303510558515,0.3682339522220215,0.02390515038284164,-0.2515570094906672,0.05189320834730532,0.13916525568651458,8.811356918079829e-05,0.06277406169874804,-0.12004452025015847,0.06666477984888251,-0.12920244613200368,0.016264385307313403,0.1973639588093593,0.02056931664736224,-0.05241878942409137,-0.023356782186094608,0.04319805988739177,0.0032936507269878353,-0.056602263409024745,0.021700427546669402,0.05191721232578268,-0.056279443334350136,-0.0009931604104363963,0.05577498231880774,-2.0418833793350322e-15,Joshua
-0.9767081609105311,1.7413575459111614,-4.897509932424125,2.6235493418295275,-4.322828084882014,0.670016040841512,3.1253046926963517,-1.4146442943382675,-1.2748949448255131,-0.1699388574944708,2.726042760996666,-0.18820073164078907,1.0750318409879982,-1.2019932311851915,0.7316312800147591,0.3035233054393045,0.2419761926728125,0.2581500447292542,0.8561572878651402,0.004193637705463931,0.605440679788085,0.26077346412757285,0.1443562532841177,0.4664749710633863,0.6251574851881211,-0.019606179554126663,0.13857792376538494,0.35569028674154746,-0.31887779501916763,-0.2798136076565081,-0.1594679912087382,0.05139727826085338,-0.6658201202824275,0.33640445788740575,0.2911622500241208,0.436763992769931,-0.31141301680585376,0.1636594029620765,-0.09535535943857983,-0.06914555989963078,0.025696605758487298,-0.07848039765843329,0.022885783034296708,0.27097981120797515,-0.1692856403906044,-0.10768080121046793,-0.001687781438937925,-0.0641709626191672,-0.06506238941147655,-0.045605656060014724,-0.001050882641758,-0.034822744224347675,-0.0027278149804162,-0.026604918697476942,-0.019290603108110232,0.01789187501230754,-0.004666655534240008,-0.027503422981424955,0.015947095181798744,4.619139936483909e-16,Joshua
0.13384652283929116,2.542597901211392,-2.518939834987677,0.16038678759233532,1.2211249961576993,0.7745073069794935,2.090517130365315,-3.6634010910124357,0.10100609719314668,5.07853610891763,-1.6123286690719352,-0.44825936469947103,1.1552993049916354,0.31665190848227714,-0.29117803420026694,-0.9207325666774735,1.2634743854396113,0.45206998865341214,-1.951994636131029,0.3571937304674012,-1.3426570811200111,-0.3947117930970186,-1.2883967526177478,-0.2694173326404561,-0.2576294609222025,-0.7608809556100924,0.1176060213585661,-0.12353949923994949,-0.28648794033673103,0.33183240499125116,-0.08900539560413902,0.15839617243735893,0.07375338649409906,0.18600145599826556,-0.17234549266611812,0.41081422185913297,-0.12063638863462767,-0.1538372096321904,0.035898534574449276,-0.03264807774131714,0.016332716732811756,-0.07085168607144585,-0.08603694591638399,0.1546359419511079,0.07132887750232098,0.09568112852744959,-0.007273717473350497,-0.011196441771488812,-0.009159717882856145,0.014276520333650448,-0.047063676071692866,0.011118397036061241,-0.041270694486698054,-8.567993235540475e-05,0.02723804780141019,-0.029347277081326745,-0.0008772386216273476,0.005916905299560099,-0.02310075421905593,-1.3416089279415689e-14,Skylar
3.154302374217286,3.6771605654657313,-2.1253267631156314,-0.17158738778687072,-2.665734296819327,-1.3368161350237773,1.1240610609368595,2.6844890447669063,0.49965606449958366,2.903496077503261,0.6707531525299633,-1.4821280675599202,0.419738034452862,0.10740969081722619,0.8434789728742591,1.316053770719077,-1.7523901150330075,-0.005632935225647606,0.23382838401839212,0.8215948354381409,0.6541676034099182,0.6059735577523204,-0.3475151442884488,-0.5841680291021749,-0.3392657135822032,-0.2554196289403532,-0.6280437906706668,-0.2921697067391679,0.8549520111432803,0.2691459518403666,0.8951877240352121,-0.6035397630985472,0.5707885633427848,-0.10747829573445215,0.0323627478299931,-0.1552459565560541,0.09479819705942455,-0.24043969620844893,-0.039841718649060734,0.10936967956440057,0.21124517446251265,0.06999232350791575,0.018027706664741447,0.1462461941073874,-0.10988355114380707,-0.16546741560248035,0.04877315378773088,-0.01171178830165015,-0.01048402369366552,-0.010191776821273778,-0.022139287414817996,0.03069157443706813,-0.02946778198394217,-0.0011962612646159523,0.007950435684690288,-0.017369042059442886,-0.009449898130323365,0.0012883832029261272,0.006878825946693259,-2.0801536455821153e-15,Skylar
-2.53149140923611,2.027213230768862,-2.556349291466389,1.9286003212858112,-1.4879567404539342,0.14680464031589963,3.134511081608954,4.510081960683997,-1.4681192412514334,0.2120932831208982,-3.203503745240996,0.9036177423377157,0.47477405774582565,-0.41888200754628285,-0.3860818558197998,0.08111738866547921,1.0229776883351043,0.497424553094787,-0.05446412109016203,0.16683730487008153,-0.7222592195483191,0.336060851339223,0.43926884030445906,0.2087634657861405,0.15405366047524413,-0.09711647655640615,0.19095155508012832,0.0986986572567308,0.2665205668978159,0.08997100670407437,0.3521020804125122,0.013164070174478229,0.19573036953888026,-0.17241347523181824,-0.02997295484925134,-0.12615813204328472,-0.03469446466757077,-0.04105376267721375,0.05663286499087052,-0.1572560829581805,-0.12725775389885802,-0.04019536227530334,0.15896813647664695,0.05809856631156966,-0.04299144097283566,0.16067542167679535,-0.15155399576046827,-0.07836732441299196,-0.039685241297892505,0.03982735332155176,0.1470213629926612,-0.01387917193219279,0.06861688943657458,-0.029583501692423287,0.056138232674113955,-0.00017331436200731238,-0.024684995152331805,-0.009132982754804213,0.008500921084073484,5.206247294075385e-15,Skylar
-0.1309436003647019,3.335443900400838,-4.475648514549921,0.20581287815385643,-3.1191181435209763,-1.4337024524164725,0.9255709673997187,4.314232955434894,0.6015673302413759,2.919452682259953,-3.2548502424678216,1.7470461307265246,0.17796667988725917,1.3760217640947816,1.187968727181002,0.2069536465730263,-0.16211203938047603,-0.6806040526641233,0.9388583028354978,-0.4133247081279238,0.059912041376719044,-0.9593139485446911,0.3040646340568687,0.2052842014236316,0.5076098667995225,-0.3513707460091947,-0.32541412344545345,-0.4522637242230924,-0.3498817649773846,0.12185940551992644,-0.48014895463433876,-0.23407378830673245,-0.2425876147671599,-0.14131255744758633,-0.10624587134645007,0.10329676230539667,0.1146622541819659,0.05010107662553349,0.1719364050537669,-0.016189671391253276,-0.1408242765040841,0.0017434920905469932,0.01301969849842436,-0.08676814363859252,-0.013630525901987055,-0.01795109827758965,0.008698440818391263,-0.057141355917760504,0.0937269468197787,0.021680004431522154,-0.07110438780531679,-0.0684092036621084,-0.04205043283816143,0.012108748631842116,-0.05771239951250039,0.05482416446324499,0.007001464984138163,0.025297075587935477,0.017609341384656824,-1.148077416869714e-14,Skylar
1.997358643143445,3.9673276454412267,-3.582171402446013,2.59569872756364,-3.424573125293102,-2.141651518059961,0.5825342962184213,0.5775104783610019,-0.9899267538134578,-1.5276143378108764,1.8162730976007626,-1.6227854139422757,2.0318573423070894,-0.0006302660586940987,-0.5823216205021262,-0.9728146554899718,-1.7916386362530765,-1.1059261409496557,0.16009136632115784,-1.1072698084053172,-0.8625152695189704,0.8213916673457633,-0.6388802482235596,-0.4620370917824904,-0.2700759582448952,0.2854758079885387,0.11344965570762733,-0.10948513570464746,0.2166390880050637,0.37883461767028137,-0.20349979641431898,0.4613075209576315,0.15641383546369764,0.12939330349877157,-0.10959972150662302,-0.28475598143519154,0.12948407153422664,0.2236748364189164,0.21507374648483593,-0.17213777086288126,-0.17533664702640664,-0.014733023287238151,-0.16620185612356844,0.07596388926461282,0.030271051667073827,0.018245755379082344,-0.07308726733502331,0.11827563197078633,0.10869532354541185,-0.07943419536787882,0.006942763920876285,0.015975389067444,-0.017719125651620534,0.006640053721888345,0.039548790231777126,0.03651684882940619,0.027593777116701534,-0.0027280989670179926,-0.0009491131425764436,3.935203219933319e-15,Skylar
11.707285584407328,-6.451052990209626,-3.7039483895046654,4.0698055984700146,4.128473744170494,-0.996506121602306,1.3250782431858186,3.045443769567003,-1.8796547490600586,-0.45306726110529455,2.249082482007654,2.876745118472062,-1.1587574081175585,0.22771915762046005,1.1410805874720034,-1.4124742565813906,0.9847404339650481,-1.3050879988622144,-2.367410692350416,0.38660889893998274,0.9628027972058517,-0.41094853081774546,0.45237573050458624,-0.7726759117947052,-0.12039521034926674,0.2512447454580177,-0.1756505856325364,-0.0873191239979405,-0.10845983427027676,-0.03060168738465749,0.3280260189372794,-0.040119837073013954,0.35335048825369936,0.11254160299257014,-0.024970507795461703,0.23433548398204748,-0.26364466036730655,-0.00896187619796055,0.11103748570326932,-0.10206443031761293,-0.05742339260178299,0.1169959929663681,0.0017560798025734719,-0.03723229261529648,-0.0542187369893331,0.026521113683299537,0.011051232660858301,0.12822674486788097,-0.06489435083504304,-0.03628652159008959,0.013831387399209472,0.02692799267438026,-0.018715139701489913,-0.02081162690264184,-0.02284902704427186,0.017873789148429294,0.029787166803623484,0.014286474263503804,0.006406017469863146,-5.1119060375274715e-15,Jake
4.521562091965193,-7.9866444542093245,-0.20498468405836107,4.364785286164515,5.605908668580512,-3.370337145672768,-1.3606091701771097,-4.54623814153893,0.23663519138335118,-0.38273524126241415,-1.1935672802687045,-0.2995518876697888,0.5076399514353848,-0.006713624777164653,0.24273743219711882,-2.335623991496687,-1.1784006254604376,-0.5300948650552245,0.8866656442720181,-1.037876547389192,-0.13149861670988908,0.5592893210539804,0.49644276032840096,-0.46709944733444,-0.07662442981350721,0.25934459245164343,0.29569271984115053,-0.6699074400464652,0.4780645086185412,0.11087500131783629,-0.08079955693831702,-0.8395849632110198,-0.2619418214447612,0.23857289431312664,-0.007384606617554468,-0.0016789745876022283,-0.02849396568827265,-0.2409639963067948,0.10342321796618001,-0.14175676654957858,0.016437572077682577,0.13372081128692234,0.13945632283953727,0.0799666506375167,0.037323994477555675,0.03308974340422913,0.01008505670329906,-0.10460856748946006,0.025517406870387296,0.017130152888191773,0.0012108996286417078,-0.03614188236572219,0.0055384544297972325,-0.014877528162326509,-0.0053200896118721875,0.02352415996975477,-0.02548225332316342,-0.01706039509884324,-0.0028844480730544617,5.465999987497367e-15,Jake
7.382017779519838,-2.1695490947888643,-0.7076451502827912,-0.2626588739446973,0.2041098765883132,2.7161781231771918,0.7796079111700442,3.52814577662702,1.2546068535962915,-2.5506222063000386,-2.389637993954757,-0.8147142276229369,-0.5255921455410827,0.08140401207489112,0.42537988384478703,-0.4172867464688707,0.8593490783517652,-0.33698075227104407,-0.13369725048000536,-1.4815901829878855,-1.159151609371452,0.04187362539703328,0.6534363751331378,0.258338416525086,0.7644207867733012,0.8633360259570189,0.28941214898756,-0.45135975992335375,-0.1712428134440953,-0.20893132352660768,0.2515664129026373,-0.09954018488421214,-0.08528412365923034,0.2911512939324205,-0.06007995851676665,-0.10614900471526853,-0.01952591682930366,-0.2012776885848005,-0.42062171688067546,0.14963229308207135,-0.02108515193520346,-0.022037550006923014,-0.15454077923007264,0.11281016390488648,-0.10550412402457973,0.06865573974285062,0.15062954601591014,0.02641499612085236,0.015593942683415943,-0.03780446037074717,-0.050509132351124426,-0.013567496564595756,-0.040180420455857485,0.027802151206364797,0.04082701234581978,-0.03388848533115631,0.00935224691783479,-0.003416469796529902,-0.0009154576953813013,-2.8368236544123246e-15,Jake
6.200635074830181,-4.573957107607612,-4.160132317396241,2.3559416553988326,2.362963675402111,-2.6354213261453108,-2.11228694423434,-1.4167170749233822,-1.1464570661719249,1.1772346200655006,-3.6102370330208404,-0.008317849416654158,0.666402167918154,-0.9260173316725601,-0.25665503117046984,0.17821650831593716,0.10091355489995775,0.46369001214814576,-0.5953653521861205,0.621511784161989,0.6233460114955428,1.000083826763653,0.792969861769268,0.1632826105549586,-1.140322624970014,0.04066011039688199,-0.15676473650286935,0.36766401880401234,0.2710976457515,-0.8446984845070782,-0.05243749340489366,0.2213075205363408,-0.16207110044345718,-0.486727883534334,-0.02763080926676388,0.0999538435054689,-0.06539572279357857,0.27731384425201133,-0.10640208048294471,0.10659374109037248,0.14975899026113682,-0.005955781441690409,-0.166956534802761,-0.004947681295352158,-0.1356637972931062,-0.07055987381221372,-0.058385178417584456,0.022492118332074967,0.11617826007827577,-0.0009642592844757209,0.002927788484422958,-0.061874501332341736,0.01689049030828785,0.019686112897973878,0.011917459195884814,-0.022290524172187257,0.031894303020108296,0.0035839986161193744,-0.011119885320993375,-4.0850014304824425e-15,Jake
5.3792557397629155,-6.0487548603377626,-6.499289119485316,0.2621214219152886,2.550576682405506,-3.396700773703703,-4.05455488975996,0.564945860469146,-2.929677052581968,-1.3998962267987378,0.9259240328079509,-0.661846256117373,1.2582676195068045,1.1012953841278539,-2.8042635130062896,1.7077297132560785,-0.38546836506091686,0.5069139026908048,0.32974612994120744,0.8113588625473432,0.7583377041352748,-0.5933066689682421,-1.015715305427248,0.49446906966216003,0.20518102666121502,-0.2576269933716965,-0.19717492250236796,-0.598616477979924,-0.6143138194444344,0.1759445900432547,-0.09260487204886747,0.3225299786419799,0.29950861147319363,-0.1720564360458389,-0.24547322491041992,0.1413008908046602,0.17134816889877608,-0.17038488546349997,-0.2020198143393755,-0.01052812746377426,-0.15122016728348514,-0.08488569840580265,0.09169257362492823,0.026314042350364945,-0.058282905743101916,0.036192416924422544,0.12241681016715168,-0.04130032033639417,-0.029023981473054388,-0.02878503575779308,0.02620112838440604,-0.022291233021397273,0.009855041206549871,0.032626206332422206,0.012992163799674654,0.02112012073363403,-0.009447585838648118,-0.012143611157009347,-0.00020750563996317745,-1.6202927158705996e-14,Jake
9.160762258249074,2.345979831642104,3.0953237743067645,-1.4593370763119546,0.5880491718132569,1.8849354933925604,-1.1474631565619928,4.44522529115651,0.25228920104704977,1.0669768308048202,1.6191823437776376,1.665654437468886,-0.8202014890597659,-0.042033767845389175,-1.101929216814673,-3.0758268862470466,0.44604277568228906,0.014126530811459021,-0.1722304449731346,0.5043838278383431,0.9123077317473083,1.455743739469023,-0.39903622780777753,-0.44975035900637456,-0.2539857796237612,-0.8424166604168177,0.7196974352907219,0.48777290698225806,0.30543242678725724,-0.16111202574730824,-0.5927623422908521,0.24259378288888084,-0.021753648469745847,0.12954526244323916,0.003113007011949035,-0.12186530959223739,0.29989327402026156,0.0319925215404119,-0.07718568790322125,0.08924663050507788,0.07555273909750035,-0.04118768594052955,-0.02482891470335917,0.16204088923292959,0.11183794315970745,0.03524818573237225,0.12705267318301483,-0.08467046978670341,0.025987746072898197,0.0249435330099429,-0.003047153008480542,-0.019511674503075786,0.034589828233768424,0.03150118246431924,-0.01974507889232261,0.006687510872327526,-0.016178056442306823,-0.004106951900433982,0.015088412985809959,8.763980849297655e-15,Annie
6.805338679753879,3.7153699633201156,10.006925215267058,7.0071695599478865,3.041748988990079,2.287922536640413,2.3631997163752185,0.6573262089339382,-0.681462514630865,1.7794714149131332,3.1137230339882613,-0.026287891753671317,0.16375122485954438,1.1087661533160351,-0.9245657126737763,1.217848494962476,0.033319719313786515,0.5739765690642074,0.6320730308152811,-1.3976479744549812,-0.42283379935599164,0.273217923213569,-0.4943887879331595,-0.15955171438115742,0.2412647082059992,-0.11450759347538639,0.11864275824787678,-0.9496147145265672,0.2980164833276077,-0.10005751969659388,-0.1736712194414992,-0.21811113702244606,0.044370077496506406,-0.45898713340270964,-0.020701991395332547,0.3764325327949332,-0.11495967245967129,0.28325759847758436,-0.022014443815917877,0.19840259504756308,0.048391364824678186,0.011572508086428264,-0.024783666103168654,-0.14323474275517872,-0.09587196677758218,0.0515692501208405,0.031418851222000915,0.027774329090326264,0.007508235447963798,0.03587566173255225,0.026497991802470734,-0.04819462065132303,0.011988804920968595,-0.007058153064921344,0.02302661320535314,0.0004557392625293733,-0.0005195834548437184,-0.0005529175538940817,0.001938434349049971,-2.4491908293588006e-15,Annie
3.11657898819542,3.21267657912553,12.221023936879568,9.095339145687044,-1.040434535161265,-3.411902969884154,0.9306195424119786,0.8603141672845842,-2.3391652338432625,-0.8060093361175117,-1.0266626832081016,-0.08738497942604243,-0.4399519932843768,-2.0568425451537484,-0.34240644452864094,0.5953981678396999,0.1100404719888642,0.5636657832248911,-0.9950760653352557,0.7027889728335576,0.09085457009839235,-0.7323589581235833,-0.19256540294426294,-0.0017219329214172628,-0.6977925956092464,0.3051763635881342,-0.6585201524329829,0.4706743001241253,-0.27763065277260235,0.019860175323213283,-0.2671359422830569,-0.40008668261268143,-0.20873705786496138,0.2050513411586096,0.17733465410083463,-0.155760310009045,0.16998368040746625,-0.1798477494190246,-0.210200026013104,-0.14835288904065352,-0.1923588827291902,-0.18201454159667405,0.025482963993521554,0.026653334669222796,0.056783744586547426,-0.09573530874597498,-0.016944695216782758,0.007125053410636451,0.03865574123572116,0.029098680975324535,-0.017401942743138304,0.02047030278758918,-0.039443016255273446,0.018355223274554584,0.0010196419971206536,0.01134155194749737,0.0018802112117406158,-0.0037379648403807345,1.2499631974734543e-05,-1.5872985926189483e-14,Annie
11.19871234636401,9.773626185231052,2.2811556102410155,-5.780568985049366,4.842941607465104,0.844978135592534,3.2853895304175347,-0.9195667567946765,2.5229400681456675,-1.467023160479408,-1.0326964228968951,2.752770176830983,1.6806766549543943,0.8057766289879997,-0.6579834615713348,-0.24960975809634137,-1.5931702554908354,0.703995245539946,-0.8526142653322183,0.7568987714624833,1.046409796430732,1.3585892312561,-0.24361179343851033,1.0090748356645338,0.24043582179728681,1.0075647607253528,-0.7998767794571543,-0.6100046886624475,-0.4557719094234215,-0.11464451878681342,0.14280155969180924,0.2153809742719052,-0.27128820719087043,0.1063435802817572,0.16444815406746746,0.007242020750350454,0.12044178550708542,0.039651543001519136,0.07174647387425188,-0.037573113760251575,-0.03312053822470749,0.0443650449333042,0.07378979155417607,-0.005738433250507967,0.021465862539175314,-0.00033887571841971053,-0.04974324288648227,-0.011696523379377016,-0.01464180588935003,-0.01176276656139652,-0.006600072590098409,0.00647215991634344,-0.03836939883174847,-0.004791970009557039,0.011000627690956806,-0.006201179224642585,-0.005721317864528779,0.010009040258993077,-0.007267486489214692,2.8492872956815745e-15,Annie
10.984806464966056,5.526373250265421,3.2171983450400665,-6.283686918754761,1.6819650671250763,-0.34507512892044595,1.1616366421196325,-0.4402933545334774,-3.492866376076247,0.27490431674547733,-1.4944668587208236,-3.9954624251578523,0.2912149062383584,3.0747404801889306,-0.4507941389307409,0.4370444510901209,1.4862447408055288,0.012800304353101387,-0.6220182734750137,-1.0962113099144584,0.9932180470539792,-0.630942550868057,0.4565504217863082,-0.28335405251706675,-0.023840587530233617,-0.6260113354251837,0.48668009558874786,0.11897157148613974,0.47108054851813497,-0.553680535414436,0.20236007616455645,0.12654485425719134,-0.355782657748292,0.13960360698849728,0.3389345827381087,-0.0031182816167778286,0.0725178834633083,-0.08491509213989211,0.10363738125930327,-0.07782069524892156,-0.12330128497631278,0.05698508872233641,0.11659270369490304,-0.022258559456390662,-0.0009348793192987634,-0.06931291065239198,-0.0030107090183439838,0.04636401192327055,0.0232460628396512,-0.06619788470156619,-0.014083388920137666,0.05115082868815656,0.028958210914853868,0.007749777812073082,-0.008577492000232573,0.007235029960378537,0.007390476338068305,-0.013949424291706486,0.005305425496432102,-5.518647797037807e-16,Annie
-12.229320343377722,-6.1054394926962585,5.226687622714534,-4.878214235079941,-3.105797152971106,2.612842922295108,-0.21453601457006302,-0.7603274120751697,-0.5308217653557032,1.1972319724715803,-0.5365949647776828,-0.2282012370079325,0.8929354019592144,-0.951939924015428,-0.13284883511094298,1.1472276102393342,-1.8113362903535428,-0.14890020321897837,-1.6157931269889418,0.4588690397826145,-0.8256373625995304,0.233899816965169,0.597742458952431,-0.6086572916309052,-0.5479230834038028,0.07782256363515898,0.27509964640468076,-0.7308473341451297,-0.23165266508486473,-0.3790874002485969,0.24451892233805048,-0.08178759036855887,0.10404321711262474,0.20978589980244056,-0.006238551006299537,-0.0633603795724347,-0.2805017372577314,0.2847590737881148,-0.10824899385040475,0.006022657217581002,-0.09561517935893497,0.001638289843459955,0.03955861217338906,0.00669076270418123,0.049051383916384535,0.041955094233494486,0.10161114005347822,-0.13993076161892457,-0.020551758120305148,-0.04489017483567907,0.028851996011952902,0.04523725124884767,0.03813637310226604,0.029509523994251,-0.021600721139731847,0.060697239381111434,0.0318571372609709,0.026434412368650764,0.007865237583530183,-2.8709127890407718e-15,Emma
-11.678947558184667,-5.090671096140154,5.068978466899386,0.18191982879738972,1.2000356310970264,0.03869809823473867,0.10407332575954852,-0.08118666012719454,1.0712668660630633,0.8995611596161702,-0.7334449252374184,1.8643727153491556,-1.4426818210742396,1.6665215451150581,-0.5598933209972176,-0.45622946882034854,-0.5182672677495876,0.8204091248150452,1.4991771450001654,0.7670871380828466,-0.41419506990024907,-0.09517634666039451,-0.006836578539036475,0.1955657901033977,0.376971211924882,-0.525103058299806,0.12057031816914655,-0.2459443872421589,-0.2992459363857682,0.28182674540150804,0.47584403989021523,0.2811727829762422,-0.17550758018046259,0.2418604088428538,-0.09182759651317278,-0.1039584986455168,-0.09908768790033193,-0.017232292324415862,0.08090919549956961,-0.052422304360281,-0.27809213293214274,0.057638445229241476,-0.10506563561951185,0.1586966925682725,-0.05944037760571244,-0.2007390906817116,0.06171035003419476,0.11187727820274809,0.0788864853816581,0.02411033675870318,0.06843087577168244,0.005733820927428036,0.056662514966397744,-0.038750380450594445,-0.03670748606674025,-0.03784404230363124,0.02733515116318207,-0.004847378821847089,-0.0317291612897707,9.72025302147187e-16,Emma
-9.554740734590318,-3.779276888477404,5.119968445139276,-2.4934202475814904,-4.153880597026769,1.305459656039604,-1.7189452080177512,-0.3791705925088319,0.32247369871598036,0.8494642354860172,1.44219357832256,1.4229445880800415,0.5171827152442148,-0.3155942925805438,0.0230984915931069,-0.5169258215160272,-1.26546750631421,-0.609897300517809,-0.39855687939088746,-0.5681073930422724,0.980697504251317,-1.3428837609448152,0.49167386055908313,-0.739702658392198,0.28722914989983045,-0.20588795027322176,-0.3953490067431731,-0.27543113997316404,-0.06486818422286661,-0.5694783435390928,-0.21010969535766963,0.5889548053203727,-0.24732047806280225,-0.40814046824774075,0.02184807144459749,-0.08314329112100194,-0.10593218471536027,-0.2920453919008572,0.002073148097008864,-0.20257973518793476,0.026272849171938593,0.18201414124711593,-0.05490129651596077,0.08687757033060742,-0.03871139129757861,0.025347700307289205,-0.07230167138422712,0.03264839060345509,0.008182592101074944,-0.00717312328411329,0.005460660746385438,-0.051347088378934876,-0.017608208334260952,0.02866443923547045,0.05352678068971971,-0.030830665912433757,-0.06448623917386569,0.018584867819553288,-0.0007800753851618538,-2.2836495155998226e-14,Emma
-7.9127799204575755,-2.9276763579816087,4.663000534089036,-4.244106028614444,-3.660299621202797,0.03346182867950758,-1.9135203066426845,-1.6104637754068,-0.2634889234541555,-0.8220883781207717,-0.8837921800286606,0.40200334376990765,-0.8403113905004018,1.4289339838729056,-0.14232609004461522,-0.5730179882437583,0.4096107040077645,0.38209228336390655,0.5715305438415904,0.22699081053967649,0.42619974284847884,0.4836163144204635,-0.1695860455710144,0.3731787061729368,-0.13765719623451889,0.14688812904374718,-0.31419084924577895,0.5230189096919865,0.5497660519506589,0.08600460785169597,-0.008193579060753887,-0.8656871758532437,0.22379245455882096,-0.05951428967504731,-0.14218558209222332,0.32458707290501143,0.1900210842721563,0.07550384612617372,0.052325172616461954,0.050440229163163056,-0.18121533417142763,-0.1546382944163358,-0.06794944204720466,0.08307644886049774,0.015424063844112977,0.12014520105043752,-0.04782970591917823,0.09806864693455766,-0.13173185803821824,-0.13787628785913414,0.0062892756955146715,-0.09905449868002489,-0.021082265654085285,-0.0007960593533913809,0.004495583974967517,0.00549141017942979,0.008115060703807435,0.033963017859701065,-0.0015057867930582667,-1.3257240475132835e-15,Emma
-10.151699452153577,-4.480488515418022,4.3781748642890275,-1.7551378858910225,-2.819377159617882,1.4652533303949302,0.8368766225911849,-0.505946639538458,-1.2235760579206187,-1.9535257361556457,-1.1926509545024233,0.663011042211882,0.06888277390741371,0.13150419949867673,-0.38232014087428107,0.1926395935597015,0.5672701107936258,-0.2053617658849053,-0.9358059844289546,-0.06661416542634821,-0.11932091860153272,0.5257202596756964,-0.31487335369372704,0.10554630149021403,9.470953167020556e-05,-0.008839221749378652,0.1873886568451912,-0.14625268500448563,0.007866721813612667,0.441590751014666,-0.01898548110721805,0.19144957683161704,0.3770807706043714,-0.49351188244261374,-0.017777295181150326,-0.1959561629860252,0.10285875052603093,0.11641098588061755,0.09317221152078066,-0.3058256081841752,0.14811871725379633,0.0748962893417223,0.11738553682149719,0.03004732690542605,-0.11782669019589082,0.026825118714840095,0.020024331178634967,0.004378816183119925,-0.04331183045307661,0.06310311059715482,-0.15113896351223066,-0.05188460771067059,0.004003701878300323,-0.02571118530225012,-0.028632906213785163,-0.012496162916109832,0.03237708395702725,-0.06944180061694614,-0.00014077624945898137,-4.313413619002458e-15,Emma
4.256818369637385,-4.070736880460227,-2.7435655584115444,-0.36726100870768585,-1.2065115981973347,6.530702845261861,4.325704463527897,-2.2004072390340976,-0.6843647272077164,-3.7903587788879713,0.25706198019293036,1.1017396053339419,0.0040316516602611424,1.5322310098588134,0.16792856509513765,1.0213584592278737,-0.9056353396100547,0.3231894317119073,-0.1248029382915066,-0.3494814355024679,0.7324651852416407,-0.42545825746049654,0.05558440356664527,-0.3314092244460215,-0.4003249445644076,-0.4233503780430238,0.00762304100421781,0.30985354534224846,0.02310316045848558,-0.07167997508761557,-0.5443702385666227,-0.4272084232319564,0.40568437083014863,0.03786914247305446,-0.4554023295194977,0.1969531769921656,0.19349417907878222,-0.22685195066752945,-0.06766674759511992,-0.019878580184141226,0.08420721831435288,-0.0957456369765476,-0.1144373445242481,-0.008202393084588446,-0.009457966378103297,-0.0335871633008951,-0.08597749666502462,-0.08715824524725965,0.12036311412220632,0.03766306371862451,0.026981990554186618,0.0641052962395255,0.017747039917653865,-0.021245761402925088,-0.012385576019812255,-0.012111981197443751,0.011504483399315387,0.010098413102477801,0.004411096571161395,-1.0333446042633664e-14,Chu
7.558184124983526,-4.785940867104686,-0.0009604330790303954,1.179871410851068,2.610480522826816,3.892457964458131,2.079272674638024,2.7450086197261556,1.7881392467621786,-1.7194175911552818,-1.6359874064035396,-2.677394982511051,0.22831591564027967,-1.8681869271698008,0.3173088805580376,0.6483687826829462,-1.0503050632475857,0.3808087835895213,1.615456591471784,1.2545096072616564,-0.5840698297489954,-0.6019395633070423,-0.31340514929693003,-0.37842218384330817,-1.2292781877903618,-0.4564937236485807,-0.2006637655832953,-0.06113079549889927,-0.23617824288356412,-0.16661859145485697,-0.21798228072038134,0.25148080460304295,-0.06059271176509236,0.24192641194682976,0.3484395176431412,0.3166089085432885,0.18246755791114805,-0.08773232767765438,0.28644656841048965,0.0092419110833632,0.03991806151321171,0.23152515949441746,-0.07570272997596808,-0.04877642048400537,0.06792948271919125,0.05054684743888291,0.012838107902092303,0.05996090987479328,-0.09766091623348036,-0.02849535340651761,-0.014301258547374917,-0.045480883141040596,0.020725271186534593,0.011087294999429976,-0.0022243450334544375,-0.0022795390441069695,0.002628697689930076,-0.012616766906102625,0.008080968942896064,-8.37384854099223e-15,Chu
6.790658505731469,-5.339159956175052,-2.312962485581491,0.8976968675401326,4.276634201213947,1.8927388473462743,2.7213559823734643,-1.9914054034846758,1.1687033751974243,2.416336315531603,2.750481624578255,-1.622017503457489,-0.7478581414673756,1.6411942820540955,1.3935037793465854,-0.30669658301790925,-0.6353123657198011,-0.35415713034027735,-0.20911665228164167,1.5881846487960882,-1.0995119975923533,-0.5333173012883812,0.41330364859258006,0.15199364614918737,0.7114959104308953,0.19738950381550072,-0.5213603555418757,0.6210455016710595,0.27286716857691434,-0.2132800759334324,0.12239810299873627,0.1255141462026092,-0.22205564786826612,-0.3212660672078004,0.005305190020213561,-0.5126255409428317,0.37689519044129843,0.13661611466735163,-0.22607624312195046,-0.0929582835621011,-0.21843429325987415,-0.07293225774838623,-0.0704843078927865,-0.056807297209471995,-0.012167848824050857,0.060769079399113746,-0.025965336464578378,-0.06161872994469538,-0.028135401141241825,-0.01659728662615724,-0.023533807345335306,-0.03505526620172979,0.007638896731572621,-0.007787328472348842,-0.0015734985106199628,0.010433766840332304,-0.006981542182547655,-0.01486259665288096,0.014380758661981245,-1.2227079286271863e-14,Chu
15.551070757399122,5.1041603002641,-0.7809449714584277,2.3498240418194793,-1.6505746412258178,0.7759794710855408,1.5432972460720857,-3.184144456145188,1.3452429191107835,0.5683473929737831,-2.452122285213624,-0.19247924387471316,-0.794717359379216,0.19357139364997814,0.4489054407841606,-0.9554056907868937,-0.6813535193645648,0.8528636336410231,0.5337908852566448,-1.5419590332581188,1.0312550550290078,-0.7178859378262441,0.30139456052413,-0.6205263706757588,-0.8048607106538785,0.29959492911393765,-0.11149196894735539,0.3879565848359614,-0.12374887361448715,0.6574194351757959,0.2191655712171312,0.6546293999253694,0.2947237932255644,0.04601947801089488,-0.4313528265011371,-0.19899469028557906,-0.11554366180741263,0.22938721867117148,-0.18324248840791899,-0.0325502715931071,0.041889793815866494,-0.04438080524108072,0.02478878493373781,-0.05674536558165231,0.004049078123270849,-0.06711511055881943,0.0940590876503237,0.02328591099660033,-0.13414091733637093,0.01537172915342499,0.05203931794377185,-0.034214137056090936,0.005024755005762256,0.034707206049833295,-0.027777588023379426,0.01560982016065301,-0.024820024910955016,-0.004056734440180859,-0.0008322576702205041,-1.4690932192604847e-14,Chu
8.617128814849865,1.8363128430168456,-1.2448085658901207,7.688043130822505,-4.764659751888583,1.71831258286843,-2.1556138159105163,-2.100873478495947,6.22400137466886,-1.4235053109789038,-0.5506452612924859,-0.26435422949433623,-0.2609027474833947,1.216916709831425,-0.15123458063219505,1.1589088190531638,0.6112185426213729,-0.6562669044652469,-0.823972247488222,0.29659049301347434,0.12537378508572805,0.5963561425089484,-0.3508695191983563,0.4123423120010087,0.1035123516170975,-0.4170557064481307,-0.2718425371311822,0.3982711212491779,0.2742398746697818,-0.48738998616478296,-0.1202527461301708,0.15864249851253298,-0.06481240491666625,-0.3590926756698907,0.1277537900220725,-0.15165666544437345,-0.36705073262064764,-0.26610456584720216,0.1938444030455741,0.1211823446280683,-0.14671384659474784,0.017868733240672712,0.1340679833112302,0.019313220974103262,0.04743992968847005,0.07074987065265845,0.12972576271031985,0.016197421929256817,0.014590539871598746,-0.006272584217361357,0.015733052929634433,0.02322578417606819,0.0015725027214044652,-0.022088874902505176,0.003584309942958388,0.02581030529434216,0.018120591200169175,-0.003051408081592041,-0.0032617165918650487,-7.329129405897429e-16,Chu
