Timestamp,is_release,is_landing,in_flight,Sensor_1,Sensor_2,Sensor_3,Sensor_4,Sensor_5,Sensor_6,Sensor_7,Sensor_8,Sensor_9,Sensor_10,Sensor_11,Sensor_12,Sensor_13,Sensor_14,Sensor_15,Sensor_16,Sensor_17,Sensor_18,Sensor_19,Sensor_20,Sensor_21,Sensor_22,Sensor_23,Sensor_24,Sensor_25,Sensor_26,Sensor_27,Sensor_28,Sensor_29,Sensor_30,Sensor_31,Sensor_32,Sensor_33,Sensor_34,Sensor_35,Sensor_36,Sensor_37,Sensor_38,Sensor_39,Sensor_40,Sensor_41,Sensor_42,Sensor_43,Sensor_44,Sensor_45,Sensor_46,Sensor_47,Sensor_48,Sensor_49,Sensor_50,Sensor_51,Sensor_52,Sensor_53,Sensor_54,Sensor_55,Sensor_56,Sensor_57,Sensor_58,Sensor_59,Sensor_60,Sensor_61,Sensor_62,Sensor_63,Sensor_64,Sensor_65,Sensor_66,Sensor_67,Sensor_68,Sensor_69,Sensor_70,Sensor_71,Sensor_72,Sensor_73,Sensor_74,Sensor_75,Sensor_76,Sensor_77,Sensor_78,Sensor_79,Sensor_80
2025-04-15 00:01:18.655000+00:00,False,False,False,-0.0,0.16,-0.0,0.04,0.2,-0.12,0.2,-0.0,-0.0,0.2,-0.0,-0.24,-0.0,-0.2,-0.16,-0.0,-0.12,-0.5599999999999999,-0.16,-0.08,-0.2,-0.24,-0.4,-0.04,0.12,0.2,-0.0,-0.2,-0.0,-0.0,-0.04,0.4,0.2,-0.2,-0.0,-0.16,-0.12,0.5599999999999999,0.52,-0.0,-0.0,0.48,0.48,0.16,-0.0,0.2,0.16,0.12,0.2,-0.0,-0.2,0.04,0.2,-0.0,0.04,-0.24,-0.32,0.16,0.24,-0.0,-2.08,-2.32,-0.96,-1.0,-0.96,-0.9199999999999999,-0.8,-1.0,-1.04,-1.0,-0.04,0.2,0.2,-0.0,0.04,-0.32,-0.0,0.24,0.2,0.12
2025-04-15 00:01:18.692000+00:00,False,False,False,-0.0,0.2,-0.0,0.04,0.2,-0.12,0.2,-0.0,-0.0,0.16,-0.0,-0.27999999999999997,-0.0,-0.2,-0.16,-0.0,-0.16,-0.5599999999999999,-0.2,-0.12,-0.16,-0.24,-0.4,-0.0,0.16,0.24,-0.0,-0.24,-0.0,0.04,-0.0,0.4,0.2,-0.2,-0.0,-0.12,-0.12,0.52,0.48,-0.0,-0.0,0.48,0.48,0.12,-0.0,0.2,0.12,0.08,0.24,-0.04,-0.2,0.04,0.2,-0.0,0.04,-0.2,-0.27999999999999997,0.2,0.27999999999999997,-0.04,-2.08,-2.2399999999999998,-0.9199999999999999,-1.0,-0.9199999999999999,-0.8800000000000001,-0.76,-0.8800000000000001,-0.96,-1.0,-0.0,0.2,0.2,-0.04,0.04,-0.36,-0.04,0.32,0.24,0.08
2025-04-15 00:01:18.711000+00:00,False,False,False,-0.04,0.2,-0.0,-0.0,0.16,-0.16,0.16,0.12,0.04,0.12,-0.04,-0.27999999999999997,0.04,-0.24,-0.12,-0.04,-0.2,-0.6,-0.27999999999999997,-0.16,0.04,-0.12,-0.08,0.12,0.27999999999999997,0.32,-0.12,0.96,0.27999999999999997,0.16,0.08,0.24,-0.0,-0.16,0.08,-0.04,-0.27999999999999997,1.48,1.08,0.04,-0.12,0.48,0.48,-0.0,-0.08,0.04,-0.12,-0.04,0.12,-0.2,-0.27999999999999997,0.12,0.27999999999999997,-0.04,-0.04,-0.24,-0.4,0.4,0.32,-0.2,-2.16,-2.08,-0.8800000000000001,-1.0,-0.9199999999999999,-0.8400000000000001,-0.96,-0.8,-1.04,-1.1199999999999999,-0.16,0.27999999999999997,0.32,-0.12,-0.04,-0.4,-0.12,0.6,0.24,-0.08
2025-04-15 00:01:18.730000+00:00,False,False,False,-0.12,0.27999999999999997,0.16,-0.04,0.12,-0.24,0.12,0.32,0.08,-0.0,-0.2,-0.12,0.2,-0.32,-0.12,-0.08,-0.27999999999999997,-0.36,-0.2,-0.24,-0.0,0.12,0.48,0.12,0.32,0.32,-0.52,1.7600000000000002,0.48,0.2,0.16,2.2,1.64,-0.36,0.2,0.08,-0.27999999999999997,3.16,2.48,0.32,-0.24,0.32,0.24,-0.27999999999999997,-0.2,-0.08,-0.48,-0.04,-0.12,-0.4,-0.4,0.24,0.32,-0.12,-0.16,-0.36,-0.5599999999999999,0.52,0.24,-0.4,-2.32,-2.0,-0.8,-1.1199999999999999,-0.96,-0.9199999999999999,-1.1199999999999999,-0.6799999999999999,-1.1199999999999999,-1.28,-0.32,0.44000000000000006,0.44000000000000006,-0.24,-0.08,-0.48,-0.24,0.8,0.27999999999999997,-0.2
2025-04-15 00:01:18.749000+00:00,False,False,False,-0.2,0.4,0.27999999999999997,-0.04,0.08,-0.24,0.12,0.48,0.12,-0.08,-0.32,0.12,0.44000000000000006,-0.44000000000000006,-0.2,-0.12,-0.32,-0.12,-0.12,-0.32,-0.0,0.2,0.6,0.08,0.32,0.32,-0.76,1.8800000000000001,0.32,0.2,0.24,3.96,3.4,-0.44000000000000006,0.32,0.12,-0.24,4.92,3.9200000000000004,0.6,-0.36,0.72,0.32,-0.4,-0.24,-0.12,-0.64,0.27999999999999997,-0.12,-0.48,-0.5599999999999999,0.36,0.44000000000000006,-0.2,-0.32,-0.44000000000000006,-0.6799999999999999,0.6799999999999999,0.27999999999999997,-0.52,-2.48,-1.6,-0.6799999999999999,-1.28,-1.04,-0.96,-1.3199999999999998,-0.4,-1.08,-1.44,-0.48,0.64,0.64,-0.32,-0.16,-0.48,-0.36,1.08,0.36,-0.24
2025-04-15 00:01:18.750000+00:00,False,False,False,-0.32,0.52,0.4,-0.08,0.04,-0.32,0.08,0.6799999999999999,0.2,-0.2,-0.48,0.4,0.72,-0.5599999999999999,-0.24,-0.2,-0.4,0.16,-0.0,-0.4,-0.04,0.27999999999999997,0.8,0.04,0.32,0.27999999999999997,-0.96,2.2399999999999998,0.36,0.16,0.24,5.8,5.36,-0.64,0.4,0.2,-0.24,6.8,5.64,0.8400000000000001,-0.32,2.08,1.0,-0.27999999999999997,-0.08,-0.0,-0.6,2.0,1.16,-0.36,-0.6799999999999999,0.6,0.5599999999999999,-0.24,-0.36,-0.44000000000000006,-0.8400000000000001,1.44,0.27999999999999997,-0.6,-2.6399999999999997,-0.96,-0.4,-1.52,-1.24,-1.2,-1.6800000000000002,0.52,-0.5599999999999999,-1.6800000000000002,-0.64,0.9199999999999999,0.8400000000000001,-0.4,-0.2,-0.52,-0.5599999999999999,2.04,0.44000000000000006,-0.36
2025-04-15 00:01:18.787000+00:00,False,False,False,-0.44000000000000006,0.6799999999999999,0.64,-0.12,-0.04,-0.36,0.04,0.9199999999999999,0.27999999999999997,-0.27999999999999997,-0.6799999999999999,0.72,1.1199999999999999,-0.6799999999999999,-0.27999999999999997,-0.24,-0.48,0.48,0.12,-0.52,-0.12,0.48,1.2,-0.0,0.32,0.24,-1.08,2.96,0.52,0.08,0.27999999999999997,7.56,7.5200000000000005,-0.9199999999999999,0.48,0.24,-0.2,8.76,7.279999999999999,1.04,-0.27999999999999997,3.96,3.28,-0.2,0.04,0.08,-0.6,3.96,2.6,-0.2,-0.76,1.8399999999999999,2.16,-0.32,-0.4,-0.44000000000000006,-1.0,2.6,0.5599999999999999,-0.5599999999999999,-2.68,0.08,1.08,-1.64,-1.3599999999999999,-1.3199999999999998,-1.92,1.52,0.12,-1.7600000000000002,-0.8,1.7600000000000002,2.0,-0.48,-0.24,-0.52,-0.6799999999999999,2.88,0.64,-0.4
2025-04-15 00:01:18.788000+00:00,False,False,False,-0.52,0.8,0.8800000000000001,-0.16,-0.04,-0.36,0.04,1.04,0.32,-0.36,-0.8400000000000001,1.0,1.48,-0.76,-0.32,-0.27999999999999997,-0.52,0.8400000000000001,0.32,-0.6,-0.36,0.5599999999999999,1.28,-0.16,0.27999999999999997,0.16,-1.08,2.48,0.4,-0.04,0.27999999999999997,9.64,9.92,-1.24,0.48,0.24,-0.04,9.72,8.32,1.2,-0.08,5.76,5.279999999999999,-0.08,0.24,0.32,-0.4,5.96,4.12,0.12,-0.76,2.6,3.44,-0.32,-0.32,-0.4,-1.04,3.4799999999999995,0.72,-0.4,-2.68,0.96,2.16,-1.8,-1.44,-1.44,-1.92,2.52,0.9199999999999999,-1.72,-0.8,2.2800000000000002,2.92,-0.48,-0.2,-0.48,-0.76,3.5200000000000005,0.8400000000000001,-0.32
2025-04-15 00:01:18.807000+00:00,False,False,False,-0.5599999999999999,0.8800000000000001,0.96,-0.16,-0.04,-0.36,0.04,1.08,0.36,-0.36,-0.8800000000000001,1.1199999999999999,1.6800000000000002,-0.8,-0.36,-0.27999999999999997,-0.52,0.9199999999999999,0.36,-0.64,-0.36,0.5599999999999999,1.16,-0.2,0.24,0.16,-0.8,2.3600000000000003,0.4,-0.08,0.27999999999999997,9.6,10.48,-1.3199999999999998,0.44000000000000006,0.2,-0.04,10.040000000000001,8.440000000000001,1.16,0.08,7.76,7.5200000000000005,0.2,0.52,0.52,-0.08,7.88,5.8,0.44000000000000006,-0.72,3.2399999999999998,4.8,-0.27999999999999997,-0.2,-0.27999999999999997,-1.04,4.64,1.08,-0.2,-2.56,1.8800000000000001,3.2399999999999998,-1.8399999999999999,-1.44,-1.48,-1.92,3.5200000000000005,1.72,-1.64,-0.8,2.68,3.88,-0.44000000000000006,-0.16,-0.44000000000000006,-0.8,4.279999999999999,1.04,-0.27999999999999997
2025-04-15 00:01:18.831000+00:00,False,False,False,-0.6,0.9199999999999999,1.08,-0.24,-0.04,-0.4,-0.0,1.16,0.4,-0.4,-0.96,1.16,1.8,-0.8,-0.36,-0.27999999999999997,-0.52,0.96,0.4,-0.72,-0.4,0.6799999999999999,1.44,-0.16,0.24,0.16,-0.6799999999999999,2.92,0.76,-0.08,0.27999999999999997,9.76,10.959999999999999,-1.52,0.4,0.2,-0.04,10.2,8.559999999999999,1.08,0.27999999999999997,9.16,9.36,0.32,0.6799999999999999,0.64,0.04,9.36,7.2,0.64,-0.64,3.8,6.0,-0.24,-0.08,-0.2,-1.04,5.4399999999999995,1.28,-0.12,-2.44,2.52,4.279999999999999,-1.8,-1.44,-1.52,-1.8800000000000001,4.279999999999999,2.3600000000000003,-1.56,-0.76,3.0,4.64,-0.44000000000000006,-0.12,-0.44000000000000006,-0.8400000000000001,4.76,1.2,-0.24
2025-04-15 00:01:18.833000+00:00,False,False,False,-0.6,0.96,1.16,-0.24,-0.08,-0.4,-0.0,1.2,0.4,-0.4,-0.96,1.2,1.8800000000000001,-0.76,-0.36,-0.24,-0.52,1.0,0.4,-0.76,-0.4,0.8400000000000001,1.64,-0.16,0.24,0.2,-0.5599999999999999,3.2399999999999998,0.9199999999999999,-0.04,0.36,9.879999999999999,11.2,-1.56,0.4,0.2,-0.0,10.24,8.36,1.04,0.27999999999999997,9.6,10.48,0.27999999999999997,0.64,0.64,0.04,9.36,7.24,0.6799999999999999,-0.6,4.12,6.76,-0.24,-0.04,-0.24,-0.96,5.4,1.44,-0.08,-2.32,2.88,5.04,-1.6800000000000002,-1.3199999999999998,-1.3599999999999999,-1.6800000000000002,4.36,2.48,-1.4,-0.72,3.2,5.12,-0.44000000000000006,-0.08,-0.4,-0.76,4.4,1.28,-0.16
2025-04-15 00:01:18.863000+00:00,False,False,False,-0.6,0.96,1.1199999999999999,-0.24,-0.04,-0.4,0.04,1.2,0.4,-0.4,-0.9199999999999999,1.2,1.8399999999999999,-0.76,-0.36,-0.24,-0.52,1.0,0.4,-0.72,-0.4,0.9199999999999999,1.64,-0.12,0.24,0.2,-0.52,3.2399999999999998,0.9199999999999999,-0.0,0.4,10.08,11.16,-1.52,0.4,0.2,-0.0,10.24,8.24,1.08,0.27999999999999997,9.440000000000001,9.92,0.27999999999999997,0.64,0.64,0.08,9.08,6.959999999999999,0.6799999999999999,-0.6,3.3200000000000003,5.68,-0.2,-0.04,-0.27999999999999997,-0.9199999999999999,4.8,1.28,-0.12,-2.32,2.7600000000000002,4.4799999999999995,-1.6800000000000002,-1.28,-1.3199999999999998,-1.6,4.16,2.32,-1.3599999999999999,-0.6799999999999999,2.7600000000000002,4.4799999999999995,-0.4,-0.04,-0.4,-0.72,4.04,1.2,-0.16
2025-04-15 00:01:18.864000+00:00,False,False,False,-0.6,1.0,1.08,-0.24,-0.04,-0.4,0.08,1.2,0.4,-0.4,-0.8800000000000001,1.2,1.7600000000000002,-0.72,-0.4,-0.2,-0.48,1.0,0.4,-0.6799999999999999,-0.4,0.96,1.6,-0.12,0.24,0.2,-0.48,3.2,0.9199999999999999,0.04,0.4,10.08,11.08,-1.44,0.4,0.2,-0.0,10.2,8.040000000000001,1.1199999999999999,0.27999999999999997,9.24,9.52,0.32,0.64,0.64,0.08,8.68,6.56,0.6,-0.6,2.88,4.76,-0.2,-0.08,-0.27999999999999997,-0.8800000000000001,4.2,1.24,-0.16,-2.2800000000000002,2.6399999999999997,4.2,-1.64,-1.24,-1.3199999999999998,-1.52,3.9200000000000004,2.08,-1.3199999999999998,-0.64,2.48,3.88,-0.36,-0.0,-0.36,-0.6799999999999999,3.6,1.16,-0.16
2025-04-15 00:01:18.878000+00:00,False,False,False,-0.5599999999999999,0.96,1.0,-0.24,-0.04,-0.4,0.12,1.16,0.4,-0.4,-0.8400000000000001,1.2,1.72,-0.6799999999999999,-0.4,-0.2,-0.48,0.96,0.4,-0.6799999999999999,-0.36,0.96,1.56,-0.08,0.27999999999999997,0.2,-0.44000000000000006,3.2,0.8800000000000001,0.08,0.4,10.0,10.92,-1.3199999999999998,0.4,0.2,0.04,10.08,7.92,1.1199999999999999,0.27999999999999997,8.68,8.76,0.32,0.5599999999999999,0.6,0.04,7.92,5.76,0.52,-0.6,2.44,3.72,-0.2,-0.08,-0.27999999999999997,-0.8400000000000001,3.3200000000000003,1.1199999999999999,-0.16,-2.2800000000000002,2.3600000000000003,3.72,-1.56,-1.2,-1.24,-1.48,3.44,1.6800000000000002,-1.28,-0.6,2.2,3.16,-0.36,-0.0,-0.36,-0.6,3.04,1.04,-0.12
2025-04-15 00:01:18.902000+00:00,False,False,False,-0.52,0.9199999999999999,0.9199999999999999,-0.2,-0.04,-0.4,0.16,1.1199999999999999,0.4,-0.36,-0.76,1.16,1.6800000000000002,-0.64,-0.36,-0.2,-0.48,0.9199999999999999,0.4,-0.64,-0.32,0.96,1.52,-0.08,0.32,0.24,-0.4,3.2399999999999998,0.8400000000000001,0.12,0.44000000000000006,9.879999999999999,10.72,-1.1199999999999999,0.4,0.2,0.08,9.959999999999999,7.76,1.16,0.2,7.720000000000001,7.5200000000000005,0.27999999999999997,0.48,0.5599999999999999,-0.0,6.8,4.720000000000001,0.4,-0.6,2.04,2.6399999999999997,-0.16,-0.08,-0.27999999999999997,-0.76,2.68,1.0,-0.16,-2.2399999999999998,1.8399999999999999,2.96,-1.52,-1.1199999999999999,-1.16,-1.4,2.8,1.2,-1.24,-0.6,1.92,2.48,-0.36,-0.0,-0.36,-0.52,2.6399999999999997,0.9199999999999999,-0.16
2025-04-15 00:01:18.903000+00:00,False,False,False,-0.48,0.8800000000000001,0.8800000000000001,-0.2,-0.0,-0.4,0.2,1.08,0.4,-0.32,-0.72,1.1199999999999999,1.6,-0.64,-0.32,-0.2,-0.48,0.8800000000000001,0.4,-0.5599999999999999,-0.27999999999999997,0.9199999999999999,1.48,-0.04,0.36,0.27999999999999997,-0.4,3.28,0.8400000000000001,0.2,0.5599999999999999,9.64,10.52,-0.9199999999999999,0.4,0.2,0.16,9.8,7.640000000000001,1.24,0.12,6.36,6.2,0.2,0.4,0.48,-0.12,5.4799999999999995,3.56,0.24,-0.5599999999999999,1.6800000000000002,2.0,-0.16,-0.08,-0.24,-0.72,2.2,0.9199999999999999,-0.16,-2.2800000000000002,1.1199999999999999,2.2399999999999998,-1.48,-1.08,-1.1199999999999999,-1.3199999999999998,2.08,0.6799999999999999,-1.2,-0.6,1.64,2.04,-0.32,-0.0,-0.36,-0.48,2.32,0.8800000000000001,-0.16
2025-04-15 00:01:18.953000+00:00,False,False,False,-0.44000000000000006,0.8,0.8,-0.16,-0.0,-0.4,0.2,1.04,0.4,-0.27999999999999997,-0.6799999999999999,1.04,1.52,-0.6,-0.27999999999999997,-0.2,-0.44000000000000006,0.8,0.4,-0.5599999999999999,-0.2,0.8400000000000001,1.44,-0.04,0.4,0.32,-0.36,3.3200000000000003,0.8800000000000001,0.27999999999999997,0.72,9.32,10.32,-0.6799999999999999,0.44000000000000006,0.24,0.27999999999999997,9.6,7.56,1.28,0.04,4.92,4.8,0.16,0.32,0.44000000000000006,-0.24,4.12,2.44,0.12,-0.5599999999999999,1.4,1.6800000000000002,-0.16,-0.04,-0.2,-0.6799999999999999,1.8399999999999999,0.8800000000000001,-0.16,-2.2800000000000002,0.36,1.48,-1.48,-1.08,-1.08,-1.28,1.3599999999999999,0.2,-1.2,-0.5599999999999999,1.4,1.7600000000000002,-0.27999999999999997,-0.04,-0.36,-0.44000000000000006,2.04,0.8400000000000001,-0.12
2025-04-15 00:01:18.976000+00:00,False,False,False,-0.4,0.72,0.72,-0.16,-0.0,-0.36,0.2,1.0,0.4,-0.24,-0.64,0.96,1.44,-0.6,-0.27999999999999997,-0.2,-0.4,0.72,0.4,-0.52,-0.12,0.72,1.4,-0.0,0.4,0.36,-0.32,3.3600000000000003,0.9199999999999999,0.32,0.8800000000000001,8.92,10.08,-0.48,0.48,0.27999999999999997,0.44000000000000006,9.36,7.56,1.3199999999999998,-0.08,3.4799999999999995,3.4799999999999995,0.08,0.2,0.36,-0.27999999999999997,2.92,1.52,0.04,-0.52,1.16,1.44,-0.16,-0.04,-0.2,-0.64,1.56,0.8,-0.16,-2.32,-0.36,0.8,-1.44,-1.08,-1.0,-1.24,0.72,-0.2,-1.24,-0.52,1.2,1.56,-0.27999999999999997,-0.08,-0.4,-0.4,1.8399999999999999,0.8,-0.12
2025-04-15 00:01:18.990000+00:00,False,False,False,-0.4,0.6799999999999999,0.72,-0.16,-0.0,-0.32,0.2,1.0,0.4,-0.2,-0.6,0.8400000000000001,1.3599999999999999,-0.6,-0.24,-0.2,-0.36,0.6799999999999999,0.4,-0.48,-0.08,0.5599999999999999,1.3199999999999998,-0.0,0.4,0.4,-0.27999999999999997,3.4,0.96,0.36,1.08,8.36,9.84,-0.27999999999999997,0.52,0.32,0.5599999999999999,9.08,7.640000000000001,1.3599999999999999,-0.2,2.32,2.48,0.04,0.16,0.36,-0.32,2.0,0.96,-0.04,-0.48,0.96,1.28,-0.16,-0.08,-0.2,-0.6,1.4,0.76,-0.2,-2.3600000000000003,-0.96,0.27999999999999997,-1.44,-1.1199999999999999,-1.0,-1.2,0.27999999999999997,-0.48,-1.24,-0.48,1.04,1.44,-0.24,-0.08,-0.4,-0.36,1.72,0.8400000000000001,-0.16
2025-04-15 00:01:19.013000+00:00,True,False,True,-0.36,0.6,0.6799999999999999,-0.16,-0.0,-0.32,0.2,0.96,0.4,-0.2,-0.5599999999999999,0.64,1.24,-0.5599999999999999,-0.24,-0.2,-0.32,0.6,0.4,-0.44000000000000006,-0.0,0.36,1.24,0.04,0.4,0.4,-0.24,3.3200000000000003,0.96,0.36,1.2,6.959999999999999,9.28,-0.16,0.5599999999999999,0.36,0.6799999999999999,8.52,7.88,1.4,-0.24,1.52,1.8800000000000001,0.04,0.12,0.36,-0.32,1.48,0.6799999999999999,-0.08,-0.44000000000000006,0.76,1.2,-0.24,-0.12,-0.24,-0.6,1.2,0.72,-0.24,-2.44,-1.4,-0.0,-1.44,-1.16,-1.0,-1.16,-0.0,-0.64,-1.24,-0.44000000000000006,0.8800000000000001,1.3599999999999999,-0.2,-0.12,-0.4,-0.36,1.56,0.8,-0.16
2025-04-15 00:01:19.014000+00:00,False,False,True,-0.32,0.52,0.64,-0.12,-0.0,-0.27999999999999997,0.2,0.9199999999999999,0.4,-0.16,-0.52,0.44000000000000006,1.16,-0.52,-0.24,-0.2,-0.27999999999999997,0.52,0.4,-0.48,0.08,0.12,1.2,0.08,0.4,0.4,-0.2,3.2,0.9199999999999999,0.32,1.24,5.5200000000000005,8.6,-0.08,0.6,0.4,0.72,7.959999999999999,8.08,1.4,-0.24,1.1199999999999999,1.48,0.04,0.08,0.36,-0.27999999999999997,1.2,0.6,-0.08,-0.44000000000000006,0.64,1.1199999999999999,-0.24,-0.2,-0.27999999999999997,-0.6,1.08,0.6799999999999999,-0.27999999999999997,-2.44,-1.6800000000000002,-0.24,-1.44,-1.2,-1.0,-1.1199999999999999,-0.16,-0.6799999999999999,-1.24,-0.4,0.76,1.3199999999999998,-0.24,-0.16,-0.36,-0.32,1.48,0.76,-0.16
2025-04-15 00:01:19.086000+00:00,False,False,True,-0.27999999999999997,0.44000000000000006,0.64,-0.12,-0.0,-0.24,0.24,0.8800000000000001,0.4,-0.16,-0.48,0.27999999999999997,1.08,-0.48,-0.24,-0.2,-0.27999999999999997,0.48,0.4,-0.44000000000000006,0.12,-0.12,1.16,0.12,0.4,0.4,-0.2,3.08,0.8400000000000001,0.24,1.2,4.08,7.88,-0.04,0.5599999999999999,0.4,0.72,7.44,8.24,1.3599999999999999,-0.24,0.8,1.28,-0.0,-0.0,0.32,-0.24,1.04,0.5599999999999999,-0.08,-0.4,0.52,1.04,-0.24,-0.24,-0.32,-0.6,0.96,0.64,-0.32,-2.44,-1.8800000000000001,-0.32,-1.4,-1.2,-1.0,-1.08,-0.24,-0.72,-1.28,-0.4,0.6799999999999999,1.28,-0.24,-0.12,-0.32,-0.27999999999999997,1.4,0.76,-0.2
2025-04-15 00:01:19.087000+00:00,False,False,True,-0.27999999999999997,0.36,0.64,-0.08,-0.0,-0.24,0.24,0.8400000000000001,0.4,-0.16,-0.44000000000000006,0.12,1.04,-0.44000000000000006,-0.2,-0.2,-0.32,0.44000000000000006,0.4,-0.48,0.12,-0.32,1.16,0.16,0.4,0.4,-0.2,2.96,0.76,0.16,1.2,2.7600000000000002,7.2,-0.0,0.5599999999999999,0.4,0.6799999999999999,7.040000000000001,8.4,1.3199999999999998,-0.24,0.6,1.08,-0.04,-0.0,0.32,-0.24,0.9199999999999999,0.5599999999999999,-0.12,-0.4,0.4,0.96,-0.24,-0.24,-0.36,-0.6,0.9199999999999999,0.64,-0.36,-2.44,-2.0,-0.44000000000000006,-1.4,-1.2,-1.0,-1.04,-0.32,-0.76,-1.24,-0.4,0.6,1.24,-0.24,-0.08,-0.32,-0.27999999999999997,1.3199999999999998,0.76,-0.24
2025-04-15 00:01:19.101000+00:00,False,False,True,-0.27999999999999997,0.27999999999999997,0.6,-0.04,-0.0,-0.27999999999999997,0.27999999999999997,0.8,0.4,-0.16,-0.4,-0.0,1.04,-0.4,-0.2,-0.2,-0.27999999999999997,0.4,0.4,-0.52,0.12,-0.48,1.16,0.2,0.4,0.4,-0.2,2.88,0.6799999999999999,0.08,1.1199999999999999,1.6800000000000002,6.68,-0.0,0.5599999999999999,0.4,0.6799999999999999,6.8,8.559999999999999,1.3199999999999998,-0.2,0.44000000000000006,0.8800000000000001,-0.08,-0.08,0.27999999999999997,-0.2,0.8400000000000001,0.52,-0.12,-0.4,0.36,0.8800000000000001,-0.24,-0.27999999999999997,-0.4,-0.6,0.8800000000000001,0.6,-0.4,-2.4,-2.12,-0.52,-1.4,-1.2,-1.0,-1.04,-0.36,-0.76,-1.24,-0.4,0.52,1.2,-0.27999999999999997,-0.12,-0.32,-0.32,1.24,0.72,-0.24
2025-04-15 00:01:19.124000+00:00,False,False,True,-0.32,0.24,0.6,-0.0,-0.0,-0.24,0.27999999999999997,0.8,0.44000000000000006,-0.16,-0.4,-0.0,1.08,-0.4,-0.24,-0.2,-0.32,0.4,0.4,-0.5599999999999999,0.08,-0.52,1.2,0.2,0.4,0.4,-0.2,2.88,0.64,0.04,1.1199999999999999,1.56,6.640000000000001,-0.0,0.5599999999999999,0.4,0.6799999999999999,6.959999999999999,8.64,1.3199999999999998,-0.2,0.36,0.8,-0.12,-0.12,0.24,-0.24,0.8400000000000001,0.48,-0.12,-0.4,0.32,0.8400000000000001,-0.24,-0.32,-0.4,-0.6,0.9199999999999999,0.6,-0.4,-2.32,-2.16,-0.5599999999999999,-1.4,-1.2,-1.04,-1.04,-0.32,-0.72,-1.24,-0.4,0.48,1.2,-0.32,-0.12,-0.32,-0.32,1.28,0.76,-0.27999999999999997
2025-04-15 00:01:19.139000+00:00,False,False,True,-0.36,0.2,0.64,-0.0,-0.0,-0.24,0.27999999999999997,0.8,0.44000000000000006,-0.2,-0.44000000000000006,-0.0,1.1199999999999999,-0.4,-0.24,-0.2,-0.36,0.44000000000000006,0.4,-0.5599999999999999,0.04,-0.5599999999999999,1.2,0.2,0.4,0.4,-0.24,2.96,0.6,-0.0,1.1199999999999999,1.56,6.840000000000001,-0.0,0.5599999999999999,0.44000000000000006,0.72,7.279999999999999,8.8,1.3599999999999999,-0.2,0.27999999999999997,0.6799999999999999,-0.2,-0.12,0.2,-0.27999999999999997,0.8800000000000001,0.48,-0.16,-0.4,0.27999999999999997,0.8,-0.27999999999999997,-0.32,-0.44000000000000006,-0.6,0.96,0.6,-0.4,-2.2800000000000002,-2.16,-0.5599999999999999,-1.44,-1.24,-1.08,-1.08,-0.27999999999999997,-0.72,-1.28,-0.4,0.44000000000000006,1.2,-0.32,-0.12,-0.4,-0.32,1.28,0.8,-0.27999999999999997
2025-04-15 00:01:19.140000+00:00,False,False,True,-0.4,0.16,0.64,-0.0,-0.0,-0.24,0.24,0.8,0.44000000000000006,-0.2,-0.44000000000000006,-0.04,1.16,-0.4,-0.24,-0.2,-0.36,0.48,0.4,-0.6,-0.0,-0.6,1.2,0.2,0.4,0.4,-0.27999999999999997,3.04,0.64,-0.0,1.16,1.6,7.279999999999999,0.04,0.6,0.44000000000000006,0.76,7.68,9.0,1.44,-0.2,0.24,0.6,-0.27999999999999997,-0.12,0.16,-0.32,0.9199999999999999,0.48,-0.2,-0.4,0.24,0.8,-0.36,-0.36,-0.48,-0.6,1.04,0.6,-0.4,-2.2399999999999998,-2.16,-0.6,-1.48,-1.24,-1.1199999999999999,-1.08,-0.24,-0.72,-1.28,-0.4,0.4,1.24,-0.36,-0.16,-0.48,-0.36,1.3599999999999999,0.8,-0.27999999999999997
2025-04-15 00:01:19.163000+00:00,False,False,True,-0.4,0.12,0.6799999999999999,-0.04,-0.0,-0.27999999999999997,0.24,0.8,0.44000000000000006,-0.2,-0.48,-0.08,1.24,-0.36,-0.24,-0.2,-0.36,0.52,0.44000000000000006,-0.6,-0.0,-0.6,1.2,0.2,0.4,0.4,-0.32,3.12,0.6799999999999999,-0.04,1.16,1.64,7.840000000000001,0.08,0.6,0.44000000000000006,0.8,8.08,9.24,1.52,-0.2,0.24,0.6799999999999999,-0.32,-0.12,0.12,-0.36,0.96,0.48,-0.16,-0.4,0.24,0.8,-0.44000000000000006,-0.4,-0.52,-0.6,1.08,0.6,-0.4,-2.2399999999999998,-2.16,-0.52,-1.52,-1.24,-1.16,-1.1199999999999999,-0.16,-0.6799999999999999,-1.3199999999999998,-0.4,0.4,1.28,-0.44000000000000006,-0.2,-0.52,-0.36,1.44,0.8400000000000001,-0.24
2025-04-15 00:01:19.164000+00:00,False,False,True,-0.4,0.12,0.72,-0.04,-0.0,-0.27999999999999997,0.2,0.8400000000000001,0.44000000000000006,-0.2,-0.52,-0.08,1.28,-0.36,-0.24,-0.2,-0.36,0.5599999999999999,0.48,-0.6,-0.0,-0.6,1.2,0.2,0.4,0.36,-0.36,3.12,0.72,-0.08,1.2,1.6800000000000002,8.36,0.16,0.6,0.44000000000000006,0.8,8.440000000000001,9.48,1.52,-0.16,0.5599999999999999,1.0,-0.32,-0.08,0.12,-0.36,1.04,0.6,-0.12,-0.44000000000000006,0.24,0.76,-0.52,-0.4,-0.52,-0.64,1.08,0.64,-0.4,-2.2399999999999998,-1.9600000000000002,-0.36,-1.56,-1.24,-1.2,-1.1199999999999999,-0.12,-0.64,-1.3599999999999999,-0.44000000000000006,0.44000000000000006,1.28,-0.48,-0.2,-0.5599999999999999,-0.36,1.52,0.8800000000000001,-0.24
2025-04-15 00:01:19.201000+00:00,False,False,True,-0.4,0.12,0.76,-0.04,-0.0,-0.27999999999999997,0.2,0.8800000000000001,0.4,-0.2,-0.5599999999999999,-0.08,1.3199999999999998,-0.36,-0.24,-0.2,-0.36,0.6,0.52,-0.6,-0.04,-0.6,1.2,0.2,0.4,0.32,-0.4,3.08,0.76,-0.12,1.16,1.6800000000000002,8.72,0.2,0.6,0.44000000000000006,0.8,8.76,9.72,1.52,-0.08,1.24,1.56,-0.27999999999999997,-0.0,0.16,-0.32,1.1199999999999999,0.8,-0.08,-0.48,0.27999999999999997,0.8,-0.5599999999999999,-0.4,-0.5599999999999999,-0.6799999999999999,1.1199999999999999,0.64,-0.36,-2.2399999999999998,-1.6,-0.08,-1.6,-1.24,-1.2,-1.16,-0.08,-0.6,-1.3599999999999999,-0.44000000000000006,0.48,1.3599999999999999,-0.48,-0.2,-0.5599999999999999,-0.36,1.56,0.9199999999999999,-0.24
2025-04-15 00:01:19.202000+00:00,False,False,True,-0.4,0.12,0.76,-0.04,-0.0,-0.27999999999999997,0.2,0.9199999999999999,0.44000000000000006,-0.2,-0.5599999999999999,-0.08,1.3599999999999999,-0.36,-0.24,-0.24,-0.36,0.6,0.5599999999999999,-0.6,-0.08,-0.52,1.16,0.2,0.36,0.27999999999999997,-0.44000000000000006,3.0,0.8,-0.16,1.1199999999999999,1.64,8.92,0.2,0.6,0.4,0.76,9.040000000000001,9.959999999999999,1.48,-0.04,2.08,2.3600000000000003,-0.2,0.04,0.2,-0.24,1.24,1.08,-0.04,-0.52,0.32,0.8400000000000001,-0.6,-0.4,-0.52,-0.72,1.16,0.6799999999999999,-0.32,-2.2800000000000002,-1.2,0.36,-1.64,-1.2,-1.2,-1.16,-0.04,-0.48,-1.3599999999999999,-0.48,0.52,1.44,-0.48,-0.2,-0.52,-0.4,1.6,1.0,-0.27999999999999997
2025-04-15 00:01:19.203000+00:00,False,False,True,-0.36,0.16,0.8,-0.04,-0.0,-0.32,0.2,0.96,0.48,-0.2,-0.64,-0.04,1.4,-0.36,-0.27999999999999997,-0.27999999999999997,-0.36,0.64,0.6,-0.6,-0.12,-0.4,1.1199999999999999,0.2,0.32,0.24,-0.48,2.88,0.8,-0.2,1.04,1.64,8.959999999999999,0.12,0.6,0.4,0.72,9.24,10.16,1.4,0.04,2.92,3.4,-0.16,0.12,0.27999999999999997,-0.16,1.48,1.72,0.04,-0.5599999999999999,0.36,1.0,-0.6,-0.36,-0.48,-0.76,1.16,0.76,-0.32,-2.32,-0.76,0.9199999999999999,-1.6800000000000002,-1.2,-1.2,-1.2,0.08,-0.16,-1.3199999999999998,-0.52,0.5599999999999999,1.56,-0.48,-0.2,-0.44000000000000006,-0.4,1.6,1.08,-0.27999999999999997
2025-04-15 00:01:19.241000+00:00,False,True,True,-0.36,0.2,0.8,-0.0,-0.0,-0.32,0.2,1.0,0.52,-0.2,-0.72,-0.0,1.4,-0.4,-0.27999999999999997,-0.27999999999999997,-0.36,0.6799999999999999,0.6,-0.6,-0.16,-0.32,1.08,0.16,0.27999999999999997,0.2,-0.5599999999999999,2.7600000000000002,0.8,-0.24,0.96,1.6,8.8,-0.04,0.6,0.36,0.6799999999999999,9.440000000000001,10.24,1.3199999999999998,0.12,3.7600000000000002,4.4399999999999995,-0.2,0.16,0.36,-0.08,1.8399999999999999,2.48,0.08,-0.6,0.27999999999999997,1.2,-0.6,-0.36,-0.4,-0.8,1.16,0.8400000000000001,-0.32,-2.32,-0.4,1.48,-1.7600000000000002,-1.2,-1.2,-1.2,0.2,0.24,-1.3199999999999998,-0.5599999999999999,0.52,1.72,-0.48,-0.2,-0.36,-0.4,1.6,1.1199999999999999,-0.27999999999999997
2025-04-15 00:01:19.261000+00:00,False,False,False,-0.36,0.2,0.8400000000000001,-0.0,-0.0,-0.32,0.2,1.0,0.5599999999999999,-0.24,-0.72,-0.0,1.4,-0.44000000000000006,-0.27999999999999997,-0.32,-0.4,0.72,0.6,-0.6,-0.2,-0.2,1.04,0.16,0.24,0.16,-0.6,2.6399999999999997,0.8,-0.27999999999999997,0.8800000000000001,1.52,8.559999999999999,-0.27999999999999997,0.6,0.36,0.6,9.6,10.28,1.28,0.16,4.279999999999999,5.36,-0.32,0.24,0.44000000000000006,-0.0,2.2399999999999998,3.3200000000000003,0.2,-0.64,0.08,1.48,-0.6,-0.32,-0.36,-0.8,1.2,0.8800000000000001,-0.27999999999999997,-2.3600000000000003,-0.2,2.0,-1.92,-1.2,-1.16,-1.2,0.32,0.6799999999999999,-1.28,-0.6,0.4,1.9600000000000002,-0.48,-0.16,-0.24,-0.4,1.6,1.16,-0.27999999999999997
2025-04-15 00:01:19.262000+00:00,False,False,False,-0.36,0.2,0.8800000000000001,-0.0,-0.0,-0.36,0.2,1.0,0.6,-0.24,-0.76,-0.0,1.4,-0.44000000000000006,-0.27999999999999997,-0.36,-0.4,0.76,0.64,-0.6,-0.2,-0.12,0.96,0.12,0.2,0.16,-0.64,2.52,0.8,-0.27999999999999997,0.8400000000000001,1.44,8.36,-0.52,0.6,0.36,0.52,9.76,10.24,1.24,0.16,4.4799999999999995,6.08,-0.5599999999999999,0.24,0.48,0.08,2.6399999999999997,4.2,0.36,-0.64,-0.12,1.6800000000000002,-0.6,-0.27999999999999997,-0.24,-0.8,1.2,0.96,-0.27999999999999997,-2.4,-0.16,2.4,-2.12,-1.2,-1.1199999999999999,-1.2,0.52,1.1199999999999999,-1.24,-0.6799999999999999,0.27999999999999997,2.12,-0.48,-0.12,-0.16,-0.44000000000000006,1.6,1.2,-0.2
2025-04-15 00:01:19.282000+00:00,False,False,False,-0.36,0.2,0.8800000000000001,-0.0,-0.0,-0.4,0.2,1.0,0.6,-0.24,-0.8,-0.0,1.4,-0.44000000000000006,-0.32,-0.36,-0.4,0.8,0.64,-0.6,-0.2,-0.08,0.9199999999999999,0.08,0.2,0.12,-0.6799999999999999,2.3600000000000003,0.76,-0.27999999999999997,0.8,1.4,8.28,-0.72,0.6,0.36,0.48,9.84,10.16,1.24,0.2,4.5200000000000005,6.5200000000000005,-0.8,0.24,0.52,0.12,3.08,5.0,0.48,-0.6799999999999999,-0.27999999999999997,1.8,-0.5599999999999999,-0.27999999999999997,-0.16,-0.8,1.2,1.0,-0.27999999999999997,-2.4,-0.16,2.56,-2.2399999999999998,-1.2,-1.08,-1.2,0.72,1.52,-1.2,-0.72,0.16,2.2,-0.52,-0.08,-0.08,-0.44000000000000006,1.6,1.16,-0.2
2025-04-15 00:01:19.300000+00:00,False,False,False,-0.44000000000000006,0.16,0.8800000000000001,-0.0,-0.0,-0.4,0.2,1.0,0.6,-0.24,-0.8,-0.0,1.4,-0.48,-0.32,-0.32,-0.4,0.8,0.64,-0.6,-0.2,-0.04,0.8800000000000001,-0.0,0.2,0.08,-0.72,2.2800000000000002,0.72,-0.27999999999999997,0.8,1.3599999999999999,8.24,-0.9199999999999999,0.6,0.36,0.48,9.92,10.08,1.28,0.2,4.5600000000000005,6.4799999999999995,-1.08,0.24,0.5599999999999999,0.12,3.3200000000000003,5.36,0.6,-0.72,-0.4,1.7600000000000002,-0.52,-0.32,-0.08,-0.8400000000000001,1.2,1.0,-0.24,-2.4,-0.16,2.52,-2.4,-1.2,-1.04,-1.16,0.8400000000000001,1.6800000000000002,-1.16,-0.76,0.08,2.16,-0.5599999999999999,-0.08,-0.08,-0.44000000000000006,1.6,1.16,-0.2
2025-04-15 00:01:19.319000+00:00,False,False,False,-0.44000000000000006,0.16,0.8800000000000001,-0.0,-0.0,-0.4,0.2,1.0,0.5599999999999999,-0.27999999999999997,-0.76,-0.0,1.4,-0.52,-0.36,-0.36,-0.4,0.8,0.64,-0.6,-0.2,-0.0,0.8,-0.04,0.2,0.04,-0.72,2.2,0.72,-0.24,0.8,1.3599999999999999,8.28,-1.0,0.5599999999999999,0.4,0.4,9.959999999999999,10.0,1.3199999999999998,0.16,4.6,6.08,-1.3199999999999998,0.27999999999999997,0.5599999999999999,0.16,3.3600000000000003,5.4399999999999995,0.6799999999999999,-0.76,-0.32,1.64,-0.48,-0.27999999999999997,-0.08,-0.8400000000000001,1.2,1.0,-0.24,-2.44,-0.12,2.2399999999999998,-2.56,-1.2,-1.0,-1.1199999999999999,0.8400000000000001,1.6800000000000002,-1.16,-0.8,0.12,2.04,-0.5599999999999999,-0.04,-0.08,-0.44000000000000006,1.56,1.16,-0.24
2025-04-15 00:01:19.320000+00:00,False,False,False,-0.44000000000000006,0.16,0.8400000000000001,-0.0,-0.0,-0.4,0.2,1.0,0.5599999999999999,-0.24,-0.8400000000000001,-0.0,1.4,-0.52,-0.4,-0.36,-0.4,0.8,0.64,-0.6,-0.2,-0.0,0.72,-0.12,0.2,0.04,-0.76,2.16,0.6799999999999999,-0.2,0.8,1.4,8.32,-1.08,0.52,0.4,0.4,10.0,9.959999999999999,1.3599999999999999,0.12,4.68,5.4,-1.6,0.24,0.52,0.12,3.2399999999999998,5.24,0.6,-0.76,-0.16,1.44,-0.44000000000000006,-0.32,-0.04,-0.8400000000000001,1.16,1.0,-0.27999999999999997,-2.52,-0.08,1.8,-2.6399999999999997,-1.2,-1.04,-1.1199999999999999,0.8,1.6,-1.16,-0.8,0.24,1.8399999999999999,-0.52,-0.08,-0.08,-0.44000000000000006,1.52,1.1199999999999999,-0.27999999999999997
2025-04-15 00:01:19.357000+00:00,False,False,False,-0.44000000000000006,0.16,0.8,-0.0,-0.0,-0.36,0.2,1.0,0.5599999999999999,-0.24,-0.8800000000000001,-0.0,1.3599999999999999,-0.5599999999999999,-0.4,-0.36,-0.4,0.8,0.6,-0.6,-0.2,0.04,0.6799999999999999,-0.16,0.2,-0.0,-0.76,2.16,0.64,-0.2,0.72,1.4,8.28,-1.16,0.44000000000000006,0.4,0.44000000000000006,10.0,9.959999999999999,1.4,0.04,4.68,4.5600000000000005,-1.8800000000000001,0.2,0.48,0.08,3.04,4.84,0.52,-0.8,0.04,1.28,-0.4,-0.4,-0.04,-0.8400000000000001,1.1199999999999999,1.0,-0.32,-2.6,-0.08,1.3199999999999998,-2.7199999999999998,-1.2,-1.04,-1.1199999999999999,0.6799999999999999,1.4,-1.24,-0.8,0.36,1.6800000000000002,-0.52,-0.12,-0.08,-0.4,1.48,1.08,-0.32
2025-04-15 00:01:19.358000+00:00,False,False,False,-0.44000000000000006,0.16,0.8,-0.0,-0.0,-0.36,0.2,1.0,0.5599999999999999,-0.24,-0.9199999999999999,0.04,1.3199999999999998,-0.6,-0.4,-0.36,-0.4,0.8,0.6,-0.6,-0.2,0.08,0.6,-0.2,0.2,0.04,-0.76,2.16,0.64,-0.2,0.6,1.4,8.16,-1.16,0.36,0.4,0.48,9.92,9.959999999999999,1.4,-0.12,4.4399999999999995,3.6,-2.2,0.16,0.44000000000000006,-0.0,2.7199999999999998,4.32,0.44000000000000006,-0.8,0.2,1.16,-0.4,-0.4,-0.08,-0.8400000000000001,1.08,1.0,-0.32,-2.68,-0.16,0.8400000000000001,-2.84,-1.2,-1.04,-1.1199999999999999,0.5599999999999999,1.16,-1.24,-0.8,0.44000000000000006,1.56,-0.48,-0.16,-0.08,-0.4,1.44,1.08,-0.32
2025-04-15 00:01:19.358000+00:00,False,False,False,-0.4,0.2,0.8,-0.0,-0.0,-0.36,0.2,1.0,0.5599999999999999,-0.24,-0.96,0.04,1.28,-0.6,-0.4,-0.36,-0.4,0.8,0.6,-0.6,-0.16,0.12,0.52,-0.2,0.2,0.04,-0.76,2.08,0.64,-0.2,0.36,1.4,8.0,-1.08,0.27999999999999997,0.4,0.48,9.84,9.959999999999999,1.4,-0.32,3.9200000000000004,2.6399999999999997,-2.52,0.12,0.36,-0.04,2.4,3.9200000000000004,0.27999999999999997,-0.76,0.27999999999999997,1.08,-0.36,-0.4,-0.12,-0.8,1.04,1.0,-0.32,-2.8,-0.4,0.32,-2.96,-1.2,-1.04,-1.1199999999999999,0.4,0.96,-1.28,-0.8,0.44000000000000006,1.48,-0.44000000000000006,-0.16,-0.08,-0.4,1.4,1.04,-0.36
2025-04-15 00:01:19.377000+00:00,False,False,False,-0.4,0.2,0.8,-0.0,-0.0,-0.36,0.2,1.0,0.6,-0.2,-1.0,0.04,1.24,-0.6,-0.4,-0.36,-0.36,0.8,0.6,-0.6,-0.12,0.16,0.44000000000000006,-0.2,0.2,0.04,-0.76,1.92,0.6,-0.2,0.04,1.4,7.8,-1.04,0.2,0.4,0.5599999999999999,9.76,10.0,1.4,-0.52,3.2,1.7600000000000002,-2.92,-0.0,0.32,-0.12,2.16,3.6,0.16,-0.76,0.27999999999999997,1.04,-0.32,-0.44000000000000006,-0.12,-0.8,1.0,1.0,-0.27999999999999997,-2.92,-0.76,-0.08,-3.08,-1.24,-1.04,-1.16,0.32,0.8400000000000001,-1.24,-0.8,0.4,1.44,-0.4,-0.2,-0.08,-0.4,1.4,1.0,-0.36
2025-04-15 00:01:19.413000+00:00,False,False,False,-0.4,0.2,0.8,-0.0,-0.0,-0.32,0.2,1.0,0.6,-0.2,-1.0,0.04,1.16,-0.6,-0.4,-0.32,-0.32,0.8,0.6,-0.6,-0.08,0.24,0.36,-0.2,0.2,0.04,-0.76,1.64,0.5599999999999999,-0.2,-0.36,1.44,7.6,-1.0,0.08,0.4,0.6,9.68,10.0,1.44,-0.76,2.44,1.04,-3.28,-0.16,0.27999999999999997,-0.16,2.0,3.44,0.12,-0.76,0.27999999999999997,1.08,-0.27999999999999997,-0.4,-0.12,-0.76,1.04,1.0,-0.24,-3.0,-1.1199999999999999,-0.36,-3.2399999999999998,-1.28,-1.0,-1.1199999999999999,0.27999999999999997,0.8,-1.24,-0.8,0.32,1.4,-0.4,-0.2,-0.08,-0.4,1.3599999999999999,1.04,-0.32
2025-04-15 00:01:19.414000+00:00,False,False,False,-0.4,0.2,0.76,-0.0,0.04,-0.32,0.2,0.96,0.5599999999999999,-0.2,-1.04,0.04,1.1199999999999999,-0.6,-0.4,-0.27999999999999997,-0.27999999999999997,0.8,0.64,-0.6,-0.04,0.24,0.27999999999999997,-0.2,0.16,0.08,-0.76,1.3199999999999998,0.52,-0.2,-0.72,1.64,7.44,-0.9199999999999999,-0.08,0.4,0.64,9.6,9.959999999999999,1.48,-0.9199999999999999,1.6800000000000002,0.4,-3.6,-0.32,0.24,-0.2,1.92,3.4,0.04,-0.76,0.2,1.04,-0.24,-0.36,-0.12,-0.72,1.04,1.04,-0.2,-3.08,-1.44,-0.64,-3.3600000000000003,-1.3599999999999999,-0.96,-1.08,0.27999999999999997,0.8400000000000001,-1.2,-0.8400000000000001,0.24,1.3199999999999998,-0.4,-0.2,-0.08,-0.4,1.3199999999999998,1.04,-0.36
2025-04-15 00:01:19.434000+00:00,False,False,False,-0.4,0.2,0.72,-0.0,0.04,-0.32,0.2,0.96,0.5599999999999999,-0.2,-1.08,0.04,1.08,-0.6,-0.4,-0.24,-0.27999999999999997,0.8,0.64,-0.6,-0.0,0.24,0.27999999999999997,-0.2,0.12,0.04,-0.72,1.04,0.44000000000000006,-0.2,-1.1199999999999999,1.8800000000000001,7.32,-0.8800000000000001,-0.2,0.44000000000000006,0.6799999999999999,9.6,9.92,1.48,-1.04,1.2,-0.04,-3.9200000000000004,-0.48,0.24,-0.2,1.8800000000000001,3.56,0.04,-0.76,0.12,1.08,-0.2,-0.36,-0.08,-0.6799999999999999,1.0,1.08,-0.2,-3.2,-1.64,-0.8400000000000001,-3.5200000000000005,-1.48,-0.96,-1.04,0.24,0.9199999999999999,-1.2,-0.8800000000000001,0.2,1.28,-0.4,-0.2,-0.08,-0.4,1.3199999999999998,1.08,-0.32
2025-04-15 00:01:19.452000+00:00,False,False,False,-0.44000000000000006,0.24,0.72,-0.0,0.04,-0.32,0.2,0.96,0.5599999999999999,-0.2,-1.1199999999999999,0.08,1.04,-0.6,-0.4,-0.27999999999999997,-0.27999999999999997,0.8,0.64,-0.6,-0.0,0.24,0.27999999999999997,-0.2,0.12,0.08,-0.6799999999999999,0.8,0.36,-0.2,-1.6,2.16,7.159999999999999,-0.9199999999999999,-0.36,0.44000000000000006,0.76,9.6,9.8,1.48,-1.24,1.24,-0.12,-4.16,-0.72,0.27999999999999997,-0.16,2.0,3.88,0.12,-0.8400000000000001,0.12,1.08,-0.2,-0.4,-0.04,-0.6799999999999999,1.0,1.1199999999999999,-0.2,-3.3600000000000003,-1.6,-0.8800000000000001,-3.6399999999999997,-1.64,-0.9199999999999999,-1.08,0.27999999999999997,1.16,-1.2,-0.96,0.24,1.24,-0.4,-0.24,-0.04,-0.4,1.3199999999999998,1.1199999999999999,-0.27999999999999997
2025-04-15 00:01:19.472000+00:00,False,False,False,-0.48,0.27999999999999997,0.6799999999999999,-0.0,0.04,-0.32,0.2,0.96,0.52,-0.2,-1.2,0.12,1.0,-0.6,-0.44000000000000006,-0.24,-0.27999999999999997,0.8,0.64,-0.6,-0.04,0.2,0.32,-0.24,0.08,0.12,-0.64,0.6,0.27999999999999997,-0.2,-2.12,2.3600000000000003,7.040000000000001,-0.96,-0.6,0.44000000000000006,0.8,9.6,9.6,1.48,-1.48,1.6800000000000002,0.12,-4.24,-0.9199999999999999,0.36,-0.12,2.2800000000000002,4.4399999999999995,0.2,-0.9199999999999999,0.12,1.1199999999999999,-0.24,-0.44000000000000006,-0.0,-0.64,1.04,1.16,-0.2,-3.5200000000000005,-1.3599999999999999,-0.76,-3.72,-1.8,-0.8800000000000001,-1.04,0.4,1.44,-1.2,-1.04,0.27999999999999997,1.2,-0.4,-0.27999999999999997,-0.0,-0.4,1.3199999999999998,1.2,-0.27999999999999997
2025-04-15 00:01:19.472000+00:00,False,False,False,-0.52,0.27999999999999997,0.64,-0.0,0.04,-0.36,0.2,0.96,0.48,-0.2,-1.28,0.12,1.0,-0.6,-0.48,-0.24,-0.27999999999999997,0.8,0.64,-0.6,-0.08,0.12,0.36,-0.27999999999999997,0.04,0.16,-0.6,0.52,0.24,-0.2,-2.6399999999999997,2.44,6.92,-1.04,-0.8400000000000001,0.48,0.8800000000000001,9.6,9.32,1.44,-1.7600000000000002,2.48,0.5599999999999999,-4.279999999999999,-1.04,0.44000000000000006,-0.04,2.7600000000000002,5.12,0.32,-1.0,0.16,1.1199999999999999,-0.27999999999999997,-0.5599999999999999,-0.0,-0.6799999999999999,1.04,1.2,-0.2,-3.6799999999999997,-0.96,-0.5599999999999999,-3.7600000000000002,-1.9600000000000002,-0.8400000000000001,-1.08,0.64,1.72,-1.2,-1.16,0.36,1.24,-0.4,-0.32,-0.0,-0.4,1.4,1.24,-0.27999999999999997
2025-04-15 00:01:19.509000+00:00,False,False,False,-0.5599999999999999,0.32,0.6799999999999999,-0.0,-0.0,-0.4,0.2,1.0,0.48,-0.2,-1.3199999999999998,0.16,1.0,-0.6,-0.52,-0.24,-0.32,0.8,0.6,-0.6,-0.12,0.08,0.4,-0.32,0.04,0.16,-0.6,0.48,0.2,-0.2,-3.2,2.2800000000000002,6.720000000000001,-1.16,-1.0,0.48,0.8800000000000001,9.6,9.0,1.3599999999999999,-2.08,3.56,1.3199999999999998,-4.16,-1.08,0.6,0.08,3.4799999999999995,5.84,0.48,-1.1199999999999999,0.27999999999999997,1.16,-0.32,-0.64,-0.0,-0.72,1.1199999999999999,1.24,-0.2,-3.88,-0.4,-0.2,-3.7600000000000002,-2.08,-0.8800000000000001,-1.08,0.96,2.04,-1.2,-1.24,0.48,1.28,-0.44000000000000006,-0.36,-0.0,-0.4,1.52,1.3199999999999998,-0.24
2025-04-15 00:01:19.563000+00:00,False,False,False,-0.6,0.36,0.72,-0.0,-0.0,-0.4,0.2,0.96,0.48,-0.2,-1.3599999999999999,0.16,1.0,-0.64,-0.5599999999999999,-0.27999999999999997,-0.32,0.8,0.6,-0.6,-0.2,0.04,0.4,-0.36,0.04,0.2,-0.6,0.4,0.2,-0.2,-3.72,1.9600000000000002,6.4799999999999995,-1.3199999999999998,-1.1199999999999999,0.44000000000000006,0.8800000000000001,9.6,8.559999999999999,1.3199999999999998,-2.3600000000000003,4.84,2.52,-3.9200000000000004,-1.08,0.6799999999999999,0.2,4.4,6.5200000000000005,0.64,-1.28,0.48,1.2,-0.36,-0.72,-0.0,-0.76,1.28,1.3599999999999999,-0.2,-4.04,0.16,0.4,-3.6799999999999997,-2.12,-0.8800000000000001,-1.1199999999999999,1.44,2.3600000000000003,-1.2,-1.3599999999999999,0.6799999999999999,1.3599999999999999,-0.44000000000000006,-0.4,-0.0,-0.4,1.6,1.4,-0.27999999999999997
2025-04-15 00:01:19.564000+00:00,False,False,False,-0.6,0.36,0.6799999999999999,-0.0,-0.0,-0.4,0.2,0.96,0.44000000000000006,-0.2,-1.4,0.16,1.0,-0.64,-0.6,-0.24,-0.32,0.8,0.6,-0.6,-0.27999999999999997,0.04,0.4,-0.4,-0.0,0.16,-0.6,0.32,0.2,-0.2,-4.04,1.48,6.2,-1.4,-1.1199999999999999,0.44000000000000006,0.8400000000000001,9.6,8.16,1.24,-2.52,5.96,3.9200000000000004,-3.5200000000000005,-0.8800000000000001,0.76,0.27999999999999997,5.36,7.08,0.76,-1.3599999999999999,0.96,1.3199999999999998,-0.36,-0.76,-0.0,-0.72,1.56,1.52,-0.16,-4.12,0.6799999999999999,1.1199999999999999,-3.5200000000000005,-2.08,-0.96,-1.1199999999999999,1.9600000000000002,2.56,-1.24,-1.4,1.04,1.48,-0.44000000000000006,-0.44000000000000006,-0.04,-0.4,1.8399999999999999,1.52,-0.32
2025-04-15 00:01:19.583000+00:00,False,False,False,-0.64,0.4,0.72,-0.0,-0.0,-0.4,0.2,0.96,0.44000000000000006,-0.24,-1.4,0.16,1.0,-0.64,-0.5599999999999999,-0.27999999999999997,-0.36,0.8,0.5599999999999999,-0.6,-0.32,0.08,0.4,-0.4,-0.0,0.12,-0.6,0.27999999999999997,0.2,-0.24,-4.24,1.0,5.88,-1.4,-0.9199999999999999,0.4,0.8,9.559999999999999,7.76,1.1199999999999999,-2.6,6.92,5.36,-2.92,-0.6,0.8,0.36,6.279999999999999,7.44,0.8800000000000001,-1.4,1.8800000000000001,1.48,-0.32,-0.72,-0.0,-0.72,1.9600000000000002,1.72,-0.12,-4.16,1.2,1.8399999999999999,-3.2399999999999998,-1.9600000000000002,-1.04,-1.16,2.44,2.68,-1.24,-1.44,1.64,1.64,-0.44000000000000006,-0.44000000000000006,-0.08,-0.4,2.12,1.6,-0.32
2025-04-15 00:01:19.584000+00:00,False,False,False,-0.6799999999999999,0.48,0.76,-0.0,-0.0,-0.4,0.2,0.9199999999999999,0.44000000000000006,-0.27999999999999997,-1.4,0.2,1.04,-0.64,-0.52,-0.27999999999999997,-0.36,0.8,0.52,-0.6,-0.36,0.12,0.4,-0.36,-0.0,0.08,-0.6,0.24,0.2,-0.24,-4.36,0.52,5.6,-1.2,-0.6,0.32,0.76,9.48,7.4,1.0,-2.56,7.6,6.76,-2.04,-0.27999999999999997,0.8400000000000001,0.4,7.0,7.640000000000001,0.96,-1.4,2.92,1.8,-0.24,-0.64,-0.0,-0.64,2.44,2.0,-0.08,-4.2,1.64,2.56,-2.7600000000000002,-1.8,-1.1199999999999999,-1.16,2.8,2.7600000000000002,-1.28,-1.44,2.2800000000000002,1.8800000000000001,-0.4,-0.44000000000000006,-0.12,-0.4,2.4,1.72,-0.36
2025-04-15 00:01:19.621000+00:00,False,False,False,-0.6799999999999999,0.52,0.8,-0.0,-0.0,-0.4,0.2,0.8800000000000001,0.44000000000000006,-0.32,-1.4,0.2,1.08,-0.64,-0.48,-0.27999999999999997,-0.36,0.8,0.48,-0.6,-0.4,0.16,0.44000000000000006,-0.32,-0.0,0.08,-0.5599999999999999,0.16,0.16,-0.24,-4.32,-0.0,5.36,-0.96,-0.27999999999999997,0.27999999999999997,0.76,9.24,6.92,0.8800000000000001,-2.44,8.040000000000001,8.040000000000001,-1.16,0.04,0.8,0.4,7.4799999999999995,7.76,1.0,-1.3199999999999998,4.04,2.7199999999999998,-0.12,-0.5599999999999999,0.04,-0.5599999999999999,3.2399999999999998,2.3600000000000003,-0.0,-4.16,2.0,3.3600000000000003,-2.2800000000000002,-1.64,-1.16,-1.2,3.12,2.8,-1.28,-1.4,2.96,2.48,-0.32,-0.44000000000000006,-0.16,-0.4,2.84,1.8800000000000001,-0.36
2025-04-15 00:01:19.622000+00:00,False,False,False,-0.6799999999999999,0.5599999999999999,0.8400000000000001,-0.0,-0.0,-0.4,0.2,0.8800000000000001,0.4,-0.32,-1.3599999999999999,0.2,1.16,-0.6,-0.44000000000000006,-0.27999999999999997,-0.32,0.76,0.44000000000000006,-0.6,-0.4,0.2,0.48,-0.27999999999999997,-0.0,0.04,-0.52,0.08,0.12,-0.24,-4.24,-0.44000000000000006,5.12,-0.72,-0.04,0.27999999999999997,0.76,8.92,6.4799999999999995,0.76,-2.32,8.28,8.959999999999999,-0.36,0.27999999999999997,0.8,0.4,7.76,7.8,0.96,-1.2,5.08,3.72,0.04,-0.44000000000000006,0.08,-0.44000000000000006,4.12,2.6399999999999997,0.08,-4.08,2.3600000000000003,4.04,-1.8,-1.52,-1.2,-1.2,3.3200000000000003,2.84,-1.28,-1.3199999999999998,3.56,3.12,-0.27999999999999997,-0.44000000000000006,-0.16,-0.4,3.4,2.0,-0.32
2025-04-15 00:01:19.677000+00:00,False,False,False,-0.6799999999999999,0.6,0.9199999999999999,-0.0,-0.0,-0.4,0.2,0.8400000000000001,0.4,-0.36,-1.3599999999999999,0.2,1.2,-0.6,-0.4,-0.27999999999999997,-0.32,0.72,0.36,-0.6,-0.4,0.24,0.52,-0.24,-0.0,0.08,-0.48,-0.0,0.04,-0.27999999999999997,-4.12,-0.8,4.96,-0.52,0.12,0.24,0.72,8.440000000000001,5.96,0.6799999999999999,-2.16,8.440000000000001,9.6,0.27999999999999997,0.4,0.8400000000000001,0.4,7.88,7.76,0.9199999999999999,-1.08,5.84,4.76,0.16,-0.32,0.12,-0.36,4.96,2.88,0.12,-3.96,2.7199999999999998,4.76,-1.4,-1.44,-1.2,-1.2,3.44,2.84,-1.24,-1.28,3.96,3.7600000000000002,-0.24,-0.4,-0.16,-0.4,3.88,2.08,-0.27999999999999997
2025-04-15 00:01:19.678000+00:00,False,False,False,-0.64,0.6,0.96,-0.0,-0.0,-0.4,0.2,0.8,0.4,-0.36,-1.3199999999999998,0.2,1.28,-0.6,-0.4,-0.24,-0.32,0.6799999999999999,0.32,-0.6,-0.4,0.27999999999999997,0.5599999999999999,-0.2,-0.0,0.08,-0.44000000000000006,-0.08,-0.04,-0.27999999999999997,-3.96,-1.08,4.8,-0.4,0.2,0.24,0.72,7.840000000000001,5.4399999999999995,0.6,-2.0,8.559999999999999,10.16,0.72,0.44000000000000006,0.8400000000000001,0.4,7.88,7.720000000000001,0.8800000000000001,-0.96,6.2,5.76,0.24,-0.27999999999999997,0.16,-0.32,5.76,3.12,0.16,-3.84,3.08,5.5200000000000005,-1.08,-1.3599999999999999,-1.16,-1.2,3.6,2.88,-1.24,-1.2,4.12,4.4,-0.24,-0.4,-0.16,-0.4,4.36,2.16,-0.24
2025-04-15 00:01:19.717000+00:00,False,False,False,-0.64,0.6,1.0,-0.0,-0.0,-0.4,0.2,0.8,0.36,-0.36,-1.28,0.2,1.3199999999999998,-0.6,-0.4,-0.24,-0.36,0.6,0.27999999999999997,-0.6,-0.44000000000000006,0.32,0.6,-0.2,-0.0,0.12,-0.4,-0.2,-0.12,-0.32,-3.8,-1.28,4.5600000000000005,-0.44000000000000006,0.2,0.24,0.6,7.08,4.84,0.48,-1.8,8.68,10.68,0.8400000000000001,0.44000000000000006,0.8400000000000001,0.4,7.959999999999999,7.720000000000001,0.8400000000000001,-0.8800000000000001,6.4,6.640000000000001,0.27999999999999997,-0.24,0.2,-0.32,6.5200000000000005,3.28,0.16,-3.6799999999999997,3.4799999999999995,6.4,-0.96,-1.3199999999999998,-1.1199999999999999,-1.16,3.96,2.96,-1.16,-1.16,4.24,4.96,-0.27999999999999997,-0.36,-0.16,-0.4,4.84,2.2399999999999998,-0.2
2025-04-15 00:01:19.718000+00:00,False,False,False,-0.6799999999999999,0.6,1.0,-0.0,-0.0,-0.4,0.2,0.8,0.32,-0.36,-1.24,0.2,1.3199999999999998,-0.6,-0.4,-0.24,-0.36,0.52,0.24,-0.6,-0.44000000000000006,0.4,0.6,-0.2,-0.0,0.12,-0.4,-0.27999999999999997,-0.16,-0.32,-3.6399999999999997,-1.3599999999999999,4.279999999999999,-0.48,0.2,0.24,0.48,6.24,4.279999999999999,0.4,-1.6800000000000002,8.879999999999999,11.120000000000001,0.8800000000000001,0.4,0.8,0.4,8.08,7.68,0.8,-0.8400000000000001,6.56,6.959999999999999,0.27999999999999997,-0.24,0.2,-0.32,7.0,3.28,0.16,-3.5200000000000005,4.0,7.32,-0.8800000000000001,-1.28,-1.08,-1.04,4.4,3.08,-1.08,-1.16,4.36,5.24,-0.27999999999999997,-0.36,-0.16,-0.44000000000000006,5.16,2.2399999999999998,-0.2
2025-04-15 00:01:19.741000+00:00,False,False,False,-0.72,0.6,1.0,-0.0,-0.0,-0.4,0.2,0.8,0.27999999999999997,-0.4,-1.24,0.24,1.28,-0.6,-0.4,-0.24,-0.4,0.48,0.2,-0.64,-0.48,0.48,0.6,-0.2,-0.0,0.12,-0.4,-0.32,-0.24,-0.32,-3.44,-1.3599999999999999,4.0,-0.52,0.2,0.16,0.32,5.24,3.6399999999999997,0.27999999999999997,-1.48,9.16,11.559999999999999,0.8800000000000001,0.4,0.8,0.4,8.2,7.68,0.8400000000000001,-0.8,6.840000000000001,7.279999999999999,0.24,-0.24,0.2,-0.36,7.359999999999999,3.3200000000000003,0.12,-3.4,4.6,8.28,-0.8,-1.24,-1.0,-0.9199999999999999,4.92,3.2,-1.0,-1.16,4.64,5.64,-0.27999999999999997,-0.36,-0.2,-0.48,5.4,2.2399999999999998,-0.2
2025-04-15 00:01:19.742000+00:00,False,False,False,-0.72,0.6,1.0,-0.0,-0.0,-0.4,0.2,0.8,0.24,-0.36,-1.2,0.27999999999999997,1.3199999999999998,-0.6,-0.4,-0.27999999999999997,-0.4,0.44000000000000006,0.16,-0.64,-0.52,0.52,0.6,-0.24,-0.0,0.12,-0.4,-0.32,-0.24,-0.32,-3.2399999999999998,-1.28,3.72,-0.5599999999999999,0.2,0.12,0.2,4.24,3.04,0.12,-1.28,9.48,12.0,0.9199999999999999,0.4,0.76,0.4,8.32,7.68,0.8800000000000001,-0.76,7.12,7.640000000000001,0.2,-0.27999999999999997,0.2,-0.4,7.6,3.3200000000000003,0.12,-3.2399999999999998,5.24,9.120000000000001,-0.6799999999999999,-1.16,-0.9199999999999999,-0.76,5.4399999999999995,3.3200000000000003,-0.9199999999999999,-1.1199999999999999,4.96,6.04,-0.27999999999999997,-0.36,-0.2,-0.52,5.4799999999999995,2.2,-0.24
2025-04-15 00:01:19.779000+00:00,False,False,False,-0.72,0.64,1.0,-0.0,-0.0,-0.4,0.2,0.8,0.2,-0.36,-1.2,0.32,1.3199999999999998,-0.6,-0.4,-0.32,-0.4,0.36,0.12,-0.64,-0.5599999999999999,0.6,0.64,-0.27999999999999997,-0.0,0.12,-0.4,-0.32,-0.24,-0.27999999999999997,-3.04,-1.16,3.4799999999999995,-0.6,0.2,0.08,0.08,3.28,2.44,-0.0,-1.04,9.8,12.36,0.9199999999999999,0.4,0.72,0.4,8.28,7.640000000000001,0.9199999999999999,-0.72,7.359999999999999,8.0,0.24,-0.32,0.16,-0.4,7.68,3.28,0.08,-3.04,5.88,9.92,-0.6,-1.1199999999999999,-0.8800000000000001,-0.6,5.84,3.44,-0.8400000000000001,-1.1199999999999999,5.279999999999999,6.4799999999999995,-0.24,-0.36,-0.2,-0.52,5.4799999999999995,2.16,-0.24
2025-04-15 00:01:19.780000+00:00,False,False,False,-0.6799999999999999,0.6799999999999999,1.0,-0.0,-0.0,-0.4,0.2,0.76,0.2,-0.36,-1.16,0.36,1.3199999999999998,-0.6,-0.4,-0.36,-0.4,0.32,0.08,-0.64,-0.52,0.6799999999999999,0.6799999999999999,-0.32,-0.0,0.08,-0.36,-0.27999999999999997,-0.2,-0.27999999999999997,-2.8,-1.04,3.3200000000000003,-0.6,0.2,0.04,0.04,2.44,1.92,-0.08,-0.8400000000000001,10.120000000000001,12.64,0.9199999999999999,0.4,0.6799999999999999,0.4,7.840000000000001,7.4799999999999995,0.9199999999999999,-0.6799999999999999,7.640000000000001,8.32,0.27999999999999997,-0.36,0.16,-0.4,7.640000000000001,3.2,0.08,-2.84,6.4799999999999995,10.52,-0.52,-1.08,-0.8,-0.48,5.84,3.4799999999999995,-0.8,-1.08,5.6,6.92,-0.2,-0.4,-0.2,-0.52,5.36,2.08,-0.27999999999999997
2025-04-15 00:01:19.795000+00:00,False,False,False,-0.64,0.72,1.04,-0.04,-0.0,-0.4,0.2,0.72,0.2,-0.32,-1.1199999999999999,0.4,1.3599999999999999,-0.6,-0.4,-0.36,-0.4,0.27999999999999997,0.04,-0.6799999999999999,-0.52,0.72,0.72,-0.36,-0.0,0.04,-0.36,-0.2,-0.16,-0.32,-2.6,-0.8800000000000001,3.2,-0.6,0.2,-0.0,-0.0,1.8,1.52,-0.16,-0.6,10.4,12.8,0.8800000000000001,0.36,0.6799999999999999,0.4,7.12,7.159999999999999,0.9199999999999999,-0.64,7.88,8.64,0.27999999999999997,-0.36,0.12,-0.36,7.4,3.12,0.04,-2.6399999999999997,6.959999999999999,10.879999999999999,-0.44000000000000006,-1.04,-0.72,-0.44000000000000006,5.6,3.3600000000000003,-0.76,-1.04,5.88,7.279999999999999,-0.2,-0.4,-0.2,-0.48,5.08,2.0,-0.32
2025-04-15 00:01:19.796000+00:00,False,False,False,-0.6,0.76,1.08,-0.04,-0.0,-0.4,0.2,0.64,0.2,-0.27999999999999997,-1.08,0.4,1.4,-0.6,-0.4,-0.36,-0.36,0.2,-0.0,-0.64,-0.48,0.76,0.76,-0.4,-0.0,0.04,-0.32,-0.12,-0.08,-0.36,-2.4,-0.76,3.08,-0.6,0.2,-0.0,-0.0,1.4,1.24,-0.16,-0.44000000000000006,10.6,12.88,0.8800000000000001,0.32,0.64,0.4,6.279999999999999,6.4799999999999995,0.8800000000000001,-0.6,8.0,8.879999999999999,0.27999999999999997,-0.4,0.12,-0.32,7.0,3.0,0.04,-2.44,7.32,11.120000000000001,-0.4,-1.0,-0.6799999999999999,-0.4,5.16,3.04,-0.72,-1.0,6.0,7.4799999999999995,-0.2,-0.4,-0.24,-0.44000000000000006,4.68,1.92,-0.36
2025-04-15 00:01:19.797000+00:00,False,False,False,-0.6,0.8,1.1199999999999999,-0.08,-0.0,-0.4,0.2,0.6,0.2,-0.32,-1.04,0.4,1.4,-0.6,-0.4,-0.32,-0.32,0.12,-0.0,-0.64,-0.44000000000000006,0.8,0.8,-0.4,-0.0,-0.0,-0.27999999999999997,-0.08,-0.08,-0.36,-2.2,-0.6799999999999999,3.0,-0.6,0.2,-0.0,-0.0,1.16,1.04,-0.16,-0.27999999999999997,10.76,12.88,0.8400000000000001,0.27999999999999997,0.6,0.4,5.36,5.5600000000000005,0.8800000000000001,-0.6,8.08,9.0,0.27999999999999997,-0.36,0.08,-0.32,6.4,2.88,-0.0,-2.32,7.640000000000001,11.28,-0.4,-0.96,-0.64,-0.36,4.68,2.6399999999999997,-0.6799999999999999,-1.0,6.08,7.640000000000001,-0.2,-0.4,-0.24,-0.4,4.2,1.8399999999999999,-0.36
2025-04-15 00:01:19.834000+00:00,False,False,False,-0.6,0.8,1.16,-0.08,-0.0,-0.4,0.2,0.5599999999999999,0.2,-0.32,-1.0,0.44000000000000006,1.4,-0.6,-0.4,-0.32,-0.27999999999999997,0.08,-0.0,-0.64,-0.44000000000000006,0.8,0.8,-0.4,-0.04,-0.0,-0.24,-0.04,-0.08,-0.4,-2.04,-0.6,2.88,-0.6,0.16,-0.0,-0.0,1.0,0.8800000000000001,-0.12,-0.16,10.879999999999999,12.84,0.8,0.24,0.64,0.4,4.5600000000000005,4.5200000000000005,0.8400000000000001,-0.6,8.16,9.120000000000001,0.24,-0.36,0.08,-0.32,5.6,2.68,-0.0,-2.2399999999999998,7.92,11.32,-0.4,-0.96,-0.6,-0.32,4.2,2.12,-0.6,-0.96,6.2,7.720000000000001,-0.16,-0.4,-0.24,-0.44000000000000006,3.6,1.7600000000000002,-0.4
2025-04-15 00:01:19.835000+00:00,False,False,False,-0.6,0.8,1.16,-0.12,-0.0,-0.4,0.2,0.52,0.2,-0.27999999999999997,-0.96,0.48,1.4,-0.5599999999999999,-0.4,-0.32,-0.27999999999999997,0.04,-0.0,-0.64,-0.44000000000000006,0.8,0.8,-0.4,-0.04,-0.0,-0.24,-0.0,-0.12,-0.36,-1.8800000000000001,-0.52,2.7199999999999998,-0.6,0.16,-0.0,-0.0,0.9199999999999999,0.76,-0.08,-0.04,10.959999999999999,12.84,0.8,0.2,0.6799999999999999,0.4,4.0,3.4799999999999995,0.8400000000000001,-0.6,8.24,9.24,0.2,-0.36,0.04,-0.36,4.720000000000001,2.48,-0.0,-2.16,8.120000000000001,11.440000000000001,-0.4,-0.96,-0.6,-0.27999999999999997,3.88,1.6,-0.52,-0.96,6.279999999999999,7.8,-0.16,-0.4,-0.27999999999999997,-0.44000000000000006,3.0,1.64,-0.36
2025-04-15 00:01:19.857000+00:00,False,False,False,-0.6,0.8,1.16,-0.08,-0.0,-0.4,0.2,0.48,0.16,-0.32,-0.96,0.52,1.4,-0.52,-0.4,-0.32,-0.27999999999999997,-0.0,-0.04,-0.6,-0.44000000000000006,0.8,0.8,-0.36,-0.08,-0.0,-0.2,-0.0,-0.16,-0.36,-1.7600000000000002,-0.48,2.6399999999999997,-0.6,0.12,-0.0,-0.0,0.8800000000000001,0.6799999999999999,-0.04,-0.0,11.0,12.88,0.8,0.2,0.6799999999999999,0.4,3.6399999999999997,2.6,0.8400000000000001,-0.6,8.28,9.36,0.2,-0.36,0.04,-0.44000000000000006,3.84,2.2,-0.0,-2.12,8.24,11.559999999999999,-0.4,-0.96,-0.6,-0.24,3.6399999999999997,1.16,-0.52,-0.9199999999999999,6.32,7.88,-0.16,-0.4,-0.32,-0.44000000000000006,2.44,1.48,-0.32
2025-04-15 00:01:19.858000+00:00,False,False,False,-0.5599999999999999,0.8,1.16,-0.08,-0.0,-0.4,0.2,0.48,0.16,-0.32,-0.9199999999999999,0.5599999999999999,1.4,-0.52,-0.4,-0.27999999999999997,-0.32,-0.0,-0.04,-0.6,-0.44000000000000006,0.8,0.8,-0.36,-0.08,-0.0,-0.2,-0.0,-0.2,-0.32,-1.64,-0.44000000000000006,2.6,-0.6,0.08,-0.0,-0.0,0.8400000000000001,0.64,-0.04,0.08,11.0,12.919999999999998,0.8,0.16,0.6799999999999999,0.36,3.3600000000000003,2.04,0.8800000000000001,-0.6,8.32,9.440000000000001,0.2,-0.36,-0.0,-0.48,3.08,1.8800000000000001,-0.0,-2.08,8.36,11.6,-0.4,-0.9199999999999999,-0.6,-0.2,3.5200000000000005,0.8800000000000001,-0.52,-0.9199999999999999,6.36,7.959999999999999,-0.12,-0.4,-0.32,-0.44000000000000006,1.92,1.24,-0.27999999999999997
2025-04-15 00:01:19.896000+00:00,False,False,False,-0.5599999999999999,0.8,1.16,-0.04,-0.0,-0.4,0.2,0.44000000000000006,0.16,-0.32,-0.8800000000000001,0.6,1.44,-0.52,-0.4,-0.27999999999999997,-0.36,-0.04,-0.08,-0.6,-0.44000000000000006,0.8,0.8,-0.36,-0.12,-0.0,-0.2,-0.0,-0.2,-0.27999999999999997,-1.56,-0.4,2.56,-0.6,0.08,-0.0,-0.0,0.8,0.6,-0.0,0.12,11.0,12.959999999999999,0.8,0.16,0.6799999999999999,0.36,3.2,1.72,0.8800000000000001,-0.6,8.36,9.559999999999999,0.2,-0.4,-0.04,-0.48,2.48,1.52,-0.0,-2.04,8.4,11.72,-0.4,-0.96,-0.6,-0.2,3.4,0.6799999999999999,-0.48,-0.8800000000000001,6.4,8.040000000000001,-0.08,-0.4,-0.4,-0.44000000000000006,1.6,1.0,-0.27999999999999997
2025-04-15 00:01:19.897000+00:00,False,False,False,-0.52,0.8,1.1199999999999999,-0.04,-0.0,-0.4,0.2,0.4,0.12,-0.27999999999999997,-0.8400000000000001,0.6,1.44,-0.52,-0.4,-0.24,-0.4,-0.08,-0.12,-0.6,-0.4,0.8,0.8,-0.36,-0.12,-0.0,-0.2,-0.0,-0.2,-0.24,-1.48,-0.4,2.56,-0.6,0.08,-0.0,-0.0,0.8,0.6,-0.04,0.16,11.0,13.040000000000001,0.8400000000000001,0.16,0.64,0.32,3.04,1.56,0.8800000000000001,-0.6,8.4,9.64,0.2,-0.4,-0.08,-0.52,2.12,1.24,-0.0,-1.9600000000000002,8.4,11.8,-0.4,-0.96,-0.6,-0.2,3.3200000000000003,0.5599999999999999,-0.48,-0.8800000000000001,6.4,8.120000000000001,-0.08,-0.4,-0.44000000000000006,-0.44000000000000006,1.4,0.76,-0.27999999999999997
2025-04-15 00:01:42.457000+00:00,False,False,False,-0.6,0.6799999999999999,1.0,-0.24,-0.2,-0.44000000000000006,-0.0,-0.04,1.24,-0.0,-0.6799999999999999,0.8400000000000001,1.4,-0.8800000000000001,-0.16,-0.4,-0.52,-0.4,0.4,-0.8,-0.76,0.96,1.2,-0.27999999999999997,-0.0,-0.4,-0.6,-0.4,0.04,-0.52,0.12,1.3199999999999998,1.6,-0.2,0.52,-0.12,-0.12,0.2,2.2399999999999998,-0.24,0.6,11.959999999999999,14.4,0.8400000000000001,0.8,0.64,1.0,4.88,9.36,2.32,-0.32,9.76,13.4,0.36,0.6799999999999999,-0.12,-0.24,2.48,5.08,0.27999999999999997,-2.2800000000000002,8.64,12.84,-0.96,-0.76,-1.08,-0.48,2.92,5.04,-0.2,-0.64,8.2,14.12,0.2,0.24,-0.48,-0.27999999999999997,1.8399999999999999,3.6399999999999997,-0.0
2025-04-15 00:01:42.475000+00:00,False,False,False,-0.6,0.64,1.0,-0.24,-0.2,-0.44000000000000006,-0.0,0.04,1.28,-0.0,-0.72,0.8,1.4,-0.8800000000000001,-0.16,-0.44000000000000006,-0.5599999999999999,-0.32,0.48,-0.8,-0.76,0.9199999999999999,1.2,-0.32,-0.0,-0.4,-0.6,-0.32,0.12,-0.5599999999999999,0.12,1.28,1.6,-0.2,0.48,-0.12,-0.16,0.36,2.4,-0.24,0.6,11.8,14.4,0.8400000000000001,0.8,0.64,1.0,5.92,10.120000000000001,2.3600000000000003,-0.27999999999999997,9.72,13.36,0.4,0.72,-0.08,-0.27999999999999997,3.2399999999999998,6.2,0.36,-2.2399999999999998,8.52,12.8,-0.9199999999999999,-0.72,-1.04,-0.44000000000000006,4.279999999999999,5.84,-0.12,-0.64,8.120000000000001,14.0,0.2,0.24,-0.52,-0.32,2.3600000000000003,4.32,-0.0
2025-04-15 00:01:42.476000+00:00,False,False,False,-0.6,0.64,1.0,-0.24,-0.16,-0.44000000000000006,-0.0,0.12,1.3199999999999998,-0.0,-0.76,0.8,1.4,-0.9199999999999999,-0.16,-0.44000000000000006,-0.52,-0.24,0.52,-0.8,-0.8,0.8800000000000001,1.2,-0.32,-0.0,-0.4,-0.6,-0.24,0.16,-0.6,0.12,1.24,1.6,-0.2,0.44000000000000006,-0.16,-0.16,0.48,2.6,-0.24,0.64,11.559999999999999,14.36,0.8400000000000001,0.8,0.64,1.0,6.76,10.68,2.3600000000000003,-0.24,9.64,13.2,0.4,0.72,-0.04,-0.32,3.96,7.12,0.4,-2.2,8.36,12.72,-0.9199999999999999,-0.6799999999999999,-1.04,-0.44000000000000006,5.4799999999999995,6.6,-0.08,-0.6,7.959999999999999,13.719999999999999,0.16,0.2,-0.52,-0.36,2.84,4.8,-0.0
2025-04-15 00:01:42.513000+00:00,False,False,False,-0.6,0.64,1.0,-0.27999999999999997,-0.16,-0.4,-0.0,0.16,1.3599999999999999,-0.0,-0.76,0.8,1.4,-0.9199999999999999,-0.16,-0.44000000000000006,-0.5599999999999999,-0.2,0.5599999999999999,-0.8,-0.8,0.8800000000000001,1.2,-0.32,-0.0,-0.36,-0.6,-0.2,0.24,-0.6,0.16,1.16,1.6,-0.2,0.44000000000000006,-0.12,-0.16,0.5599999999999999,2.8,-0.16,0.64,11.36,14.280000000000001,0.8400000000000001,0.8,0.6,1.0,7.359999999999999,11.2,2.4,-0.24,9.32,12.84,0.4,0.76,-0.04,-0.32,4.16,7.5200000000000005,0.36,-2.16,8.0,12.52,-0.8800000000000001,-0.64,-1.04,-0.4,6.36,7.4,-0.04,-0.64,7.68,13.2,0.12,0.2,-0.5599999999999999,-0.44000000000000006,2.96,5.08,-0.04
2025-04-15 00:01:42.514000+00:00,False,False,False,-0.6,0.64,0.96,-0.27999999999999997,-0.16,-0.4,-0.0,0.2,1.44,-0.0,-0.76,0.8,1.4,-0.8800000000000001,-0.2,-0.44000000000000006,-0.52,-0.2,0.6,-0.8,-0.76,0.8400000000000001,1.2,-0.27999999999999997,-0.0,-0.32,-0.6,-0.16,0.27999999999999997,-0.6,0.2,1.1199999999999999,1.6,-0.2,0.44000000000000006,-0.08,-0.2,0.6,3.0,-0.12,0.6799999999999999,11.08,14.080000000000002,0.8800000000000001,0.8,0.6,1.0,7.56,11.68,2.4,-0.2,8.92,12.16,0.4,0.76,-0.04,-0.32,4.24,7.8,0.32,-2.08,7.4799999999999995,12.08,-0.8400000000000001,-0.64,-1.04,-0.4,6.68,8.120000000000001,-0.0,-0.64,7.2,12.120000000000001,0.08,0.2,-0.52,-0.48,2.96,5.24,-0.08
2025-04-15 00:01:42.533000+00:00,False,False,False,-0.6,0.64,0.9199999999999999,-0.27999999999999997,-0.16,-0.4,-0.0,0.2,1.44,-0.0,-0.72,0.76,1.3599999999999999,-0.8800000000000001,-0.2,-0.44000000000000006,-0.52,-0.16,0.64,-0.8,-0.76,0.76,1.1199999999999999,-0.27999999999999997,-0.0,-0.32,-0.6,-0.12,0.32,-0.6,0.2,1.08,1.56,-0.2,0.4,-0.04,-0.2,0.64,3.2,-0.08,0.76,10.68,13.76,0.8800000000000001,0.8,0.64,1.0,7.640000000000001,12.120000000000001,2.4,-0.2,8.36,11.16,0.4,0.8,-0.0,-0.27999999999999997,4.24,8.040000000000001,0.27999999999999997,-2.0,6.720000000000001,11.36,-0.8400000000000001,-0.6,-1.08,-0.4,6.840000000000001,8.8,-0.0,-0.64,6.56,10.72,0.04,0.24,-0.5599999999999999,-0.52,2.88,5.36,-0.16
2025-04-15 00:01:42.570000+00:00,False,False,False,-0.6,0.6,0.8800000000000001,-0.32,-0.16,-0.4,-0.0,0.2,1.48,-0.0,-0.6799999999999999,0.72,1.28,-0.8400000000000001,-0.16,-0.4,-0.52,-0.16,0.6799999999999999,-0.8,-0.76,0.72,1.04,-0.24,-0.0,-0.27999999999999997,-0.6,-0.08,0.36,-0.6,0.24,1.0,1.48,-0.2,0.44000000000000006,-0.04,-0.2,0.6799999999999999,3.4,-0.04,0.8800000000000001,10.2,13.16,0.96,0.8,0.64,1.0,7.720000000000001,12.559999999999999,2.4,-0.16,7.5200000000000005,9.879999999999999,0.4,0.8,-0.0,-0.24,4.24,8.24,0.24,-1.92,5.8,10.120000000000001,-0.8800000000000001,-0.64,-1.1199999999999999,-0.4,6.92,9.440000000000001,-0.0,-0.64,5.76,9.0,-0.04,0.27999999999999997,-0.52,-0.5599999999999999,2.84,5.4799999999999995,-0.24
2025-04-15 00:01:42.571000+00:00,False,False,False,-0.6,0.52,0.8,-0.32,-0.16,-0.4,-0.0,0.2,1.52,-0.0,-0.64,0.64,1.2,-0.8400000000000001,-0.12,-0.4,-0.52,-0.12,0.76,-0.8,-0.72,0.64,0.9199999999999999,-0.24,-0.0,-0.27999999999999997,-0.6,-0.04,0.44000000000000006,-0.6,0.24,0.9199999999999999,1.3599999999999999,-0.2,0.44000000000000006,-0.0,-0.16,0.76,3.6,0.04,0.96,9.76,12.36,1.08,0.8400000000000001,0.64,1.0,7.8,13.0,2.4,-0.2,6.36,8.2,0.36,0.8,-0.04,-0.2,4.16,8.4,0.12,-1.8399999999999999,4.84,8.72,-0.8400000000000001,-0.64,-1.1199999999999999,-0.4,7.0,10.040000000000001,-0.0,-0.64,4.76,7.159999999999999,-0.08,0.32,-0.48,-0.6,2.8,5.64,-0.32
2025-04-15 00:01:42.609000+00:00,False,False,False,-0.6,0.44000000000000006,0.6799999999999999,-0.27999999999999997,-0.12,-0.4,-0.0,0.2,1.56,-0.0,-0.64,0.52,1.08,-0.8400000000000001,-0.08,-0.4,-0.52,-0.08,0.8,-0.8,-0.6799999999999999,0.5599999999999999,0.8,-0.24,0.04,-0.32,-0.6,-0.0,0.48,-0.6,0.27999999999999997,0.8400000000000001,1.24,-0.2,0.44000000000000006,-0.0,-0.12,0.8400000000000001,3.8,0.08,1.08,9.24,11.440000000000001,1.16,0.8400000000000001,0.6799999999999999,1.0,7.92,13.319999999999999,2.44,-0.24,5.2,6.4799999999999995,0.32,0.76,-0.04,-0.24,4.16,8.6,0.04,-1.7600000000000002,4.0,7.279999999999999,-0.8400000000000001,-0.64,-1.1199999999999999,-0.4,7.12,10.559999999999999,-0.0,-0.6,3.8,5.4,-0.08,0.36,-0.44000000000000006,-0.6,2.8,5.76,-0.4
2025-04-15 00:01:42.610000+00:00,False,False,False,-0.6,0.36,0.6,-0.27999999999999997,-0.08,-0.4,-0.0,0.24,1.6,-0.0,-0.6,0.44000000000000006,0.9199999999999999,-0.8400000000000001,-0.08,-0.4,-0.5599999999999999,-0.04,0.8400000000000001,-0.8,-0.6799999999999999,0.48,0.64,-0.24,0.04,-0.32,-0.6,-0.0,0.52,-0.6,0.32,0.76,1.1199999999999999,-0.2,0.48,-0.0,-0.08,0.96,4.0,0.12,1.16,8.68,10.440000000000001,1.16,0.8400000000000001,0.72,1.0,8.08,13.6,2.44,-0.27999999999999997,4.04,4.96,0.27999999999999997,0.76,-0.04,-0.27999999999999997,4.16,8.72,-0.04,-1.72,3.2399999999999998,5.88,-0.8800000000000001,-0.64,-1.16,-0.4,7.24,10.92,-0.0,-0.6,2.96,4.16,-0.12,0.4,-0.44000000000000006,-0.6,2.8,5.88,-0.48
2025-04-15 00:01:42.629000+00:00,False,False,False,-0.6,0.27999999999999997,0.52,-0.27999999999999997,-0.08,-0.4,-0.0,0.27999999999999997,1.64,-0.0,-0.64,0.36,0.8,-0.8400000000000001,-0.04,-0.4,-0.5599999999999999,-0.04,0.8800000000000001,-0.8,-0.64,0.4,0.5599999999999999,-0.24,0.08,-0.27999999999999997,-0.6,-0.0,0.5599999999999999,-0.5599999999999999,0.36,0.6799999999999999,0.96,-0.16,0.52,-0.0,-0.04,1.08,4.16,0.16,1.16,8.120000000000001,9.2,1.16,0.8400000000000001,0.6799999999999999,1.0,8.24,13.84,2.44,-0.32,3.0,3.7600000000000002,0.24,0.8,-0.04,-0.32,4.16,8.8,-0.08,-1.6800000000000002,2.68,4.6,-0.8800000000000001,-0.64,-1.1199999999999999,-0.4,7.359999999999999,11.16,-0.0,-0.6,2.2800000000000002,3.2399999999999998,-0.16,0.4,-0.4,-0.6,2.8,6.0,-0.52
2025-04-15 00:01:42.630000+00:00,False,False,False,-0.6,0.24,0.4,-0.24,-0.04,-0.4,-0.0,0.32,1.6800000000000002,-0.0,-0.64,0.27999999999999997,0.72,-0.8400000000000001,-0.04,-0.4,-0.52,-0.0,0.9199999999999999,-0.8,-0.6,0.32,0.44000000000000006,-0.24,0.12,-0.27999999999999997,-0.5599999999999999,-0.0,0.6,-0.5599999999999999,0.36,0.6799999999999999,0.8400000000000001,-0.12,0.52,-0.0,-0.0,1.2,4.32,0.2,1.08,7.279999999999999,7.88,1.08,0.8400000000000001,0.6799999999999999,0.96,8.32,13.959999999999999,2.44,-0.4,2.2,2.84,0.2,0.8,-0.04,-0.32,4.16,8.879999999999999,-0.16,-1.6800000000000002,2.04,3.6799999999999997,-0.8800000000000001,-0.6,-1.08,-0.4,7.44,11.36,-0.0,-0.6,1.72,2.6,-0.16,0.4,-0.4,-0.6,2.8,6.04,-0.5599999999999999
2025-04-15 00:01:42.653000+00:00,False,False,False,-0.6,0.2,0.32,-0.24,-0.04,-0.4,-0.0,0.36,1.72,-0.0,-0.64,0.2,0.6,-0.8,-0.08,-0.4,-0.52,-0.0,0.9199999999999999,-0.8,-0.6,0.27999999999999997,0.36,-0.24,0.16,-0.27999999999999997,-0.5599999999999999,-0.0,0.6,-0.5599999999999999,0.4,0.64,0.72,-0.08,0.5599999999999999,0.04,-0.0,1.3199999999999998,4.4399999999999995,0.2,1.0,6.16,6.56,0.9199999999999999,0.76,0.6799999999999999,0.9199999999999999,8.4,14.0,2.44,-0.4,1.7600000000000002,2.32,0.24,0.8,-0.0,-0.36,4.2,8.959999999999999,-0.16,-1.6800000000000002,1.4,2.8,-0.9199999999999999,-0.6,-1.04,-0.4,7.56,11.48,-0.04,-0.6,1.3599999999999999,2.2,-0.16,0.4,-0.4,-0.6,2.8,6.04,-0.6
2025-04-15 00:01:42.668000+00:00,False,False,False,-0.5599999999999999,0.16,0.27999999999999997,-0.24,-0.04,-0.4,-0.0,0.4,1.7600000000000002,-0.0,-0.64,0.16,0.52,-0.8,-0.08,-0.4,-0.48,0.04,0.96,-0.76,-0.6,0.2,0.24,-0.24,0.12,-0.24,-0.5599999999999999,0.04,0.6,-0.52,0.44000000000000006,0.6,0.48,-0.04,0.6,0.04,-0.0,1.44,4.5600000000000005,0.2,0.9199999999999999,4.96,5.279999999999999,0.8400000000000001,0.76,0.64,0.8800000000000001,8.48,14.080000000000002,2.4,-0.4,1.44,1.9600000000000002,0.24,0.8400000000000001,-0.0,-0.36,4.2,9.0,-0.16,-1.72,0.6799999999999999,2.0,-0.9199999999999999,-0.6,-1.04,-0.4,7.640000000000001,11.48,-0.04,-0.6,1.1199999999999999,1.92,-0.2,0.4,-0.4,-0.6,2.8,6.08,-0.6
2025-04-15 00:01:42.691000+00:00,False,False,False,-0.52,0.12,0.24,-0.24,-0.04,-0.4,-0.0,0.4,1.7600000000000002,-0.0,-0.64,0.08,0.44000000000000006,-0.8,-0.04,-0.4,-0.44000000000000006,0.04,1.0,-0.72,-0.6,0.12,0.16,-0.24,0.16,-0.24,-0.52,0.08,0.64,-0.52,0.48,0.5599999999999999,0.2,-0.0,0.6,0.04,-0.0,1.52,4.64,0.2,0.8,3.88,4.12,0.8,0.76,0.5599999999999999,0.8400000000000001,8.52,14.12,2.4,-0.4,1.2,1.72,0.27999999999999997,0.8400000000000001,-0.0,-0.4,4.24,9.08,-0.16,-1.7600000000000002,0.08,1.3199999999999998,-0.8800000000000001,-0.6,-1.0,-0.44000000000000006,7.76,11.52,-0.04,-0.6,0.9199999999999999,1.64,-0.2,0.4,-0.44000000000000006,-0.6,2.84,6.08,-0.6
2025-04-15 00:01:42.692000+00:00,False,False,False,-0.48,0.08,0.16,-0.24,-0.0,-0.4,-0.0,0.4,1.8,0.04,-0.6,0.04,0.36,-0.8,-0.04,-0.4,-0.4,0.08,1.0,-0.6799999999999999,-0.6,0.08,0.04,-0.2,0.16,-0.24,-0.48,0.12,0.6799999999999999,-0.5599999999999999,0.48,0.52,-0.0,-0.0,0.6,0.04,-0.0,1.56,4.720000000000001,0.2,0.76,2.92,3.28,0.76,0.72,0.5599999999999999,0.8,8.559999999999999,14.080000000000002,2.3600000000000003,-0.4,1.04,1.52,0.32,0.8,-0.0,-0.4,4.2,9.120000000000001,-0.16,-1.8,-0.48,0.8400000000000001,-0.9199999999999999,-0.6,-1.04,-0.48,7.840000000000001,11.559999999999999,-0.04,-0.6,0.76,1.44,-0.2,0.4,-0.48,-0.6,2.88,6.08,-0.6
2025-04-15 00:01:42.729000+00:00,False,False,False,-0.44000000000000006,0.04,0.12,-0.24,-0.0,-0.4,-0.0,0.4,1.8,0.04,-0.6,-0.0,0.27999999999999997,-0.8,-0.04,-0.4,-0.4,0.08,1.04,-0.64,-0.6,-0.0,-0.04,-0.2,0.12,-0.24,-0.48,0.16,0.72,-0.52,0.52,0.4,-0.2,-0.0,0.6,0.04,-0.0,1.6,4.720000000000001,0.24,0.72,2.3600000000000003,2.8,0.72,0.6799999999999999,0.52,0.8,8.6,14.080000000000002,2.32,-0.4,0.9199999999999999,1.3599999999999999,0.32,0.8,-0.0,-0.44000000000000006,4.2,9.120000000000001,-0.16,-1.8,-0.72,0.5599999999999999,-0.8800000000000001,-0.6,-1.04,-0.48,7.92,11.52,-0.04,-0.6,0.6799999999999999,1.3199999999999998,-0.2,0.4,-0.48,-0.6,2.88,6.08,-0.6
2025-04-15 00:01:42.744000+00:00,False,False,False,-0.4,-0.0,0.08,-0.27999999999999997,-0.04,-0.4,-0.0,0.4,1.8,0.04,-0.5599999999999999,-0.0,0.24,-0.8,-0.0,-0.4,-0.4,0.12,1.08,-0.6,-0.6,-0.04,-0.12,-0.2,0.12,-0.2,-0.44000000000000006,0.2,0.76,-0.48,0.5599999999999999,0.36,-0.36,0.04,0.6,-0.0,-0.0,1.64,4.76,0.24,0.6799999999999999,2.12,2.56,0.72,0.6799999999999999,0.48,0.76,8.6,14.080000000000002,2.2800000000000002,-0.4,0.8800000000000001,1.3199999999999998,0.32,0.8,-0.0,-0.44000000000000006,4.2,9.120000000000001,-0.16,-1.8,-0.8,0.48,-0.8400000000000001,-0.5599999999999999,-1.04,-0.48,7.959999999999999,11.48,-0.0,-0.6,0.6799999999999999,1.24,-0.2,0.36,-0.48,-0.6,2.92,6.08,-0.64
2025-04-15 00:01:42.745000+00:00,False,False,False,-0.4,0.04,0.08,-0.32,-0.04,-0.4,-0.0,0.4,1.8,0.04,-0.5599999999999999,0.04,0.27999999999999997,-0.8400000000000001,-0.04,-0.4,-0.4,0.12,1.1199999999999999,-0.64,-0.6,-0.08,-0.16,-0.24,0.12,-0.2,-0.4,0.2,0.8,-0.48,0.5599999999999999,0.48,0.32,-0.0,0.6,-0.0,-0.0,1.6800000000000002,4.76,0.27999999999999997,0.6,2.16,2.6,0.6799999999999999,0.64,0.44000000000000006,0.72,8.6,14.0,2.2399999999999998,-0.4,0.9199999999999999,1.3599999999999999,0.32,0.8,-0.0,-0.44000000000000006,4.16,9.08,-0.16,-1.8,-0.72,0.5599999999999999,-0.8800000000000001,-0.5599999999999999,-1.04,-0.48,8.0,11.48,-0.04,-0.64,0.72,1.28,-0.2,0.36,-0.52,-0.64,2.92,6.04,-0.6799999999999999
2025-04-15 00:01:42.781000+00:00,False,False,False,-0.4,0.08,0.04,-0.32,-0.08,-0.4,-0.0,0.4,1.8,0.04,-0.5599999999999999,0.12,0.36,-0.8800000000000001,-0.08,-0.4,-0.4,0.16,1.1199999999999999,-0.6799999999999999,-0.6,-0.04,-0.2,-0.24,0.08,-0.2,-0.4,0.2,0.8,-0.44000000000000006,0.52,0.8400000000000001,1.1199999999999999,-0.0,0.6,-0.0,-0.0,1.72,4.720000000000001,0.32,0.6,2.52,2.8,0.64,0.6,0.44000000000000006,0.6799999999999999,8.64,13.919999999999998,2.2,-0.4,1.04,1.4,0.27999999999999997,0.8,-0.0,-0.4,4.12,9.0,-0.16,-1.8,-0.48,0.72,-0.9199999999999999,-0.5599999999999999,-1.08,-0.48,8.0,11.440000000000001,-0.08,-0.64,0.8400000000000001,1.4,-0.2,0.36,-0.48,-0.64,2.88,6.04,-0.6799999999999999
2025-04-15 00:01:42.782000+00:00,False,False,False,-0.44000000000000006,0.16,0.08,-0.32,-0.12,-0.4,0.04,0.4,1.8,-0.0,-0.52,0.2,0.44000000000000006,-0.9199999999999999,-0.08,-0.4,-0.4,0.16,1.1199999999999999,-0.72,-0.6,-0.04,-0.2,-0.27999999999999997,0.04,-0.2,-0.4,0.2,0.8,-0.4,0.52,1.2,1.9600000000000002,-0.0,0.6,-0.0,-0.0,1.72,4.68,0.36,0.6,3.12,3.16,0.64,0.64,0.4,0.6799999999999999,8.64,13.88,2.2,-0.4,1.16,1.48,0.24,0.76,-0.04,-0.4,4.12,8.92,-0.2,-1.8,-0.08,0.9199999999999999,-0.8800000000000001,-0.5599999999999999,-1.08,-0.48,8.0,11.36,-0.08,-0.64,1.0,1.48,-0.2,0.36,-0.44000000000000006,-0.64,2.84,5.96,-0.6799999999999999
2025-04-15 00:01:42.806000+00:00,False,False,False,-0.44000000000000006,0.24,0.12,-0.32,-0.16,-0.4,0.04,0.4,1.8,-0.0,-0.52,0.27999999999999997,0.5599999999999999,-0.96,-0.08,-0.4,-0.4,0.2,1.08,-0.76,-0.6,0.04,-0.16,-0.32,0.04,-0.2,-0.4,0.2,0.8,-0.4,0.48,1.6800000000000002,2.92,-0.0,0.6,-0.0,-0.0,1.6800000000000002,4.6,0.32,0.6799999999999999,3.96,3.6,0.6799999999999999,0.6799999999999999,0.44000000000000006,0.6799999999999999,8.68,13.8,2.2,-0.4,1.3199999999999998,1.6,0.24,0.76,-0.08,-0.4,4.12,8.84,-0.2,-1.7600000000000002,0.4,1.2,-0.9199999999999999,-0.5599999999999999,-1.08,-0.48,8.040000000000001,11.32,-0.08,-0.64,1.16,1.6,-0.2,0.36,-0.48,-0.64,2.84,5.92,-0.6799999999999999
2025-04-15 00:01:42.879000+00:00,False,False,False,-0.44000000000000006,0.32,0.2,-0.32,-0.12,-0.4,0.08,0.4,1.8,-0.0,-0.5599999999999999,0.36,0.6799999999999999,-0.96,-0.08,-0.4,-0.44000000000000006,0.16,1.04,-0.8,-0.6,0.08,-0.12,-0.36,-0.0,-0.24,-0.4,0.2,0.8,-0.4,0.44000000000000006,2.2,4.04,-0.04,0.6,0.04,-0.0,1.56,4.36,0.32,0.76,5.0,4.24,0.6799999999999999,0.72,0.48,0.72,8.72,13.719999999999999,2.2,-0.4,1.48,1.6800000000000002,0.2,0.76,-0.12,-0.44000000000000006,4.08,8.76,-0.2,-1.72,0.9199999999999999,1.52,-0.96,-0.64,-1.1199999999999999,-0.48,8.08,11.24,-0.12,-0.64,1.3199999999999998,1.72,-0.2,0.4,-0.52,-0.6799999999999999,2.7600000000000002,5.84,-0.64
2025-04-15 00:01:42.880000+00:00,False,False,False,-0.44000000000000006,0.36,0.24,-0.32,-0.16,-0.4,0.08,0.4,1.7600000000000002,-0.0,-0.5599999999999999,0.44000000000000006,0.76,-0.96,-0.08,-0.4,-0.48,0.12,0.96,-0.8,-0.6,0.12,-0.08,-0.36,-0.0,-0.24,-0.4,0.2,0.8,-0.4,0.36,2.6399999999999997,4.6,-0.04,0.6,0.04,-0.0,1.4,3.88,0.27999999999999997,0.9199999999999999,6.08,4.92,0.72,0.76,0.52,0.8,8.72,13.6,2.2399999999999998,-0.4,1.6,1.7600000000000002,0.2,0.76,-0.16,-0.48,4.04,8.64,-0.2,-1.6800000000000002,1.48,1.8800000000000001,-0.96,-0.64,-1.2,-0.48,8.120000000000001,11.120000000000001,-0.08,-0.64,1.48,1.8,-0.2,0.36,-0.52,-0.6799999999999999,2.68,5.76,-0.64
2025-04-15 00:01:42.894000+00:00,False,False,False,-0.44000000000000006,0.4,0.32,-0.32,-0.16,-0.4,0.08,0.4,1.72,-0.0,-0.5599999999999999,0.48,0.8400000000000001,-0.96,-0.08,-0.4,-0.52,0.08,0.9199999999999999,-0.8,-0.64,0.08,-0.0,-0.4,-0.0,-0.24,-0.4,0.24,0.76,-0.4,0.32,2.88,5.2,-0.08,0.6,0.04,-0.0,1.2,3.3600000000000003,0.2,1.04,6.92,5.64,0.8,0.8,0.5599999999999999,0.8800000000000001,8.6,13.319999999999999,2.2399999999999998,-0.44000000000000006,1.72,1.8800000000000001,0.2,0.76,-0.2,-0.52,3.96,8.52,-0.2,-1.6,1.92,2.2800000000000002,-0.96,-0.64,-1.2,-0.44000000000000006,8.16,10.92,-0.08,-0.6799999999999999,1.6,1.8399999999999999,-0.2,0.32,-0.5599999999999999,-0.72,2.6,5.64,-0.6799999999999999
2025-04-15 00:01:42.895000+00:00,False,False,False,-0.44000000000000006,0.44000000000000006,0.36,-0.36,-0.12,-0.4,0.04,0.4,1.6800000000000002,-0.0,-0.64,0.52,0.96,-0.96,-0.12,-0.4,-0.5599999999999999,0.04,0.8400000000000001,-0.8,-0.6799999999999999,0.08,0.08,-0.4,0.04,-0.24,-0.4,0.27999999999999997,0.76,-0.4,0.27999999999999997,3.2,5.88,-0.16,0.6,0.04,-0.0,1.04,2.8,0.12,1.1199999999999999,7.56,6.36,0.8,0.8,0.6,0.8800000000000001,8.48,12.88,2.2,-0.44000000000000006,1.8399999999999999,2.0,0.2,0.8,-0.2,-0.5599999999999999,3.9200000000000004,8.36,-0.2,-1.52,2.2,2.7199999999999998,-1.0,-0.64,-1.2,-0.44000000000000006,8.16,10.64,-0.12,-0.6799999999999999,1.6800000000000002,1.9600000000000002,-0.24,0.27999999999999997,-0.6,-0.76,2.52,5.5200000000000005,-0.6799999999999999
2025-04-15 00:01:42.932000+00:00,False,False,False,-0.44000000000000006,0.44000000000000006,0.4,-0.4,-0.12,-0.4,0.04,0.36,1.6,-0.0,-0.64,0.5599999999999999,1.04,-0.96,-0.12,-0.4,-0.5599999999999999,-0.0,0.76,-0.76,-0.72,-0.12,0.04,-0.4,0.04,-0.24,-0.4,0.32,0.72,-0.36,0.27999999999999997,3.5200000000000005,6.6,-0.24,0.6,0.04,-0.0,0.9199999999999999,2.2800000000000002,0.12,1.08,7.6,7.08,0.76,0.76,0.5599999999999999,0.8400000000000001,8.040000000000001,11.8,2.04,-0.4,1.8800000000000001,2.12,0.2,0.76,-0.2,-0.6,3.7600000000000002,8.08,-0.2,-1.52,2.2,3.16,-1.0,-0.64,-1.24,-0.48,8.0,10.0,-0.2,-0.6799999999999999,1.72,2.08,-0.24,0.24,-0.64,-0.8400000000000001,2.3600000000000003,5.279999999999999,-0.72
2025-04-15 00:01:42.933000+00:00,False,False,False,-0.44000000000000006,0.44000000000000006,0.44000000000000006,-0.4,-0.16,-0.4,-0.0,0.32,1.52,-0.0,-0.64,0.5599999999999999,1.1199999999999999,-1.0,-0.12,-0.4,-0.52,-0.0,0.6799999999999999,-0.76,-0.76,-0.36,-0.0,-0.4,0.08,-0.2,-0.4,0.36,0.6799999999999999,-0.36,0.27999999999999997,3.6799999999999997,7.2,-0.32,0.6,-0.0,-0.0,0.8400000000000001,1.8800000000000001,0.12,1.04,7.32,7.640000000000001,0.76,0.72,0.52,0.8,7.5200000000000005,10.559999999999999,1.8,-0.4,1.8800000000000001,2.2399999999999998,0.16,0.76,-0.2,-0.6,3.6,7.720000000000001,-0.2,-1.52,2.08,3.56,-1.0,-0.6,-1.24,-0.52,7.8,9.28,-0.27999999999999997,-0.6799999999999999,1.72,2.2,-0.24,0.2,-0.6799999999999999,-0.8800000000000001,2.2399999999999998,5.0,-0.76
2025-04-15 00:01:42.956000+00:00,False,False,False,-0.44000000000000006,0.44000000000000006,0.48,-0.4,-0.16,-0.44000000000000006,-0.0,0.32,1.48,-0.0,-0.64,0.52,1.16,-1.0,-0.08,-0.4,-0.48,-0.0,0.64,-0.76,-0.8,-0.6,-0.04,-0.44000000000000006,0.08,-0.2,-0.4,0.36,0.64,-0.36,0.32,3.7600000000000002,7.6,-0.4,0.6,-0.0,-0.0,0.8,1.72,0.12,0.9199999999999999,6.840000000000001,8.0,0.6799999999999999,0.6799999999999999,0.44000000000000006,0.72,7.0,9.24,1.52,-0.4,1.8399999999999999,2.32,0.12,0.76,-0.24,-0.6,3.44,7.359999999999999,-0.2,-1.52,1.8399999999999999,3.84,-1.04,-0.6,-1.2,-0.5599999999999999,7.6,8.52,-0.36,-0.64,1.64,2.2800000000000002,-0.27999999999999997,0.2,-0.72,-0.9199999999999999,2.12,4.720000000000001,-0.76
2025-04-15 00:01:42.957000+00:00,True,False,True,-0.44000000000000006,0.44000000000000006,0.52,-0.4,-0.16,-0.44000000000000006,-0.0,0.27999999999999997,1.4,-0.0,-0.6,0.48,1.2,-1.0,-0.04,-0.4,-0.48,-0.0,0.6,-0.76,-0.8,-0.8800000000000001,-0.12,-0.44000000000000006,0.12,-0.2,-0.4,0.32,0.64,-0.36,0.36,3.8,7.88,-0.48,0.6,0.04,-0.0,0.8,1.64,0.16,0.8,6.279999999999999,8.28,0.5599999999999999,0.64,0.4,0.6,6.5200000000000005,8.040000000000001,1.28,-0.32,1.7600000000000002,2.4,0.08,0.76,-0.27999999999999997,-0.6,3.3200000000000003,6.959999999999999,-0.2,-1.56,1.56,4.04,-1.08,-0.6,-1.16,-0.6,7.359999999999999,7.8,-0.4,-0.6,1.56,2.4,-0.32,0.2,-0.76,-0.96,2.0,4.4399999999999995,-0.76
2025-04-15 00:01:43.032000+00:00,False,False,True,-0.4,0.4,0.5599999999999999,-0.4,-0.16,-0.44000000000000006,-0.0,0.24,1.3599999999999999,-0.0,-0.52,0.44000000000000006,1.24,-1.04,-0.0,-0.4,-0.44000000000000006,-0.0,0.6,-0.72,-0.8,-1.2,-0.24,-0.44000000000000006,0.12,-0.2,-0.4,0.27999999999999997,0.6,-0.36,0.4,3.7600000000000002,8.08,-0.52,0.6,0.04,-0.0,0.76,1.6,0.2,0.72,5.76,8.48,0.48,0.6,0.32,0.5599999999999999,6.08,6.959999999999999,1.1199999999999999,-0.32,1.6800000000000002,2.48,0.04,0.76,-0.32,-0.6,3.2,6.6,-0.2,-1.6,1.3599999999999999,4.2,-1.1199999999999999,-0.6,-1.16,-0.6,7.159999999999999,7.2,-0.48,-0.6,1.52,2.48,-0.32,0.2,-0.8400000000000001,-1.0,1.8399999999999999,4.2,-0.8
2025-04-15 00:01:43.033000+00:00,False,False,True,-0.4,0.4,0.6,-0.4,-0.16,-0.48,-0.0,0.24,1.3599999999999999,-0.0,-0.48,0.4,1.24,-1.04,-0.0,-0.4,-0.44000000000000006,-0.0,0.6,-0.76,-0.8,-1.3599999999999999,-0.24,-0.44000000000000006,0.16,-0.2,-0.4,0.24,0.6,-0.4,0.4,3.72,8.120000000000001,-0.5599999999999999,0.6,0.04,0.04,0.76,1.6,0.2,0.6799999999999999,5.720000000000001,8.6,0.44000000000000006,0.6,0.27999999999999997,0.52,5.88,6.5200000000000005,1.04,-0.36,1.6800000000000002,2.56,-0.0,0.76,-0.36,-0.6,3.16,6.4,-0.2,-1.6,1.4,4.279999999999999,-1.16,-0.6,-1.16,-0.6,7.08,6.92,-0.52,-0.6,1.56,2.52,-0.36,0.24,-0.8400000000000001,-1.0,1.8,4.04,-0.8
2025-04-15 00:01:43.047000+00:00,False,False,True,-0.4,0.4,0.6,-0.4,-0.16,-0.48,-0.0,0.24,1.3599999999999999,-0.0,-0.48,0.44000000000000006,1.28,-1.04,-0.0,-0.4,-0.44000000000000006,-0.0,0.5599999999999999,-0.76,-0.8,-1.4,-0.24,-0.44000000000000006,0.16,-0.2,-0.4,0.2,0.6,-0.4,0.4,3.88,8.120000000000001,-0.5599999999999999,0.6,0.08,0.08,0.72,1.6,0.2,0.6799999999999999,6.0,8.72,0.4,0.6,0.24,0.52,5.8,6.24,1.04,-0.36,1.6800000000000002,2.6,-0.0,0.76,-0.4,-0.6,3.16,6.279999999999999,-0.2,-1.64,1.56,4.279999999999999,-1.16,-0.6,-1.16,-0.6,7.040000000000001,6.76,-0.52,-0.5599999999999999,1.6,2.52,-0.4,0.24,-0.8400000000000001,-1.0,1.7600000000000002,3.96,-0.8
2025-04-15 00:01:43.048000+00:00,False,False,True,-0.4,0.44000000000000006,0.6,-0.4,-0.16,-0.44000000000000006,-0.0,0.2,1.3599999999999999,-0.0,-0.48,0.52,1.28,-1.04,-0.04,-0.4,-0.48,-0.0,0.52,-0.76,-0.8,-1.2,-0.24,-0.4,0.16,-0.2,-0.4,0.24,0.5599999999999999,-0.4,0.36,4.36,7.959999999999999,-0.52,0.6,0.08,0.08,0.6799999999999999,1.56,0.2,0.76,6.840000000000001,8.68,0.44000000000000006,0.64,0.27999999999999997,0.52,5.8,6.16,1.04,-0.36,1.92,2.56,0.04,0.76,-0.36,-0.6,3.2399999999999998,6.24,-0.2,-1.64,2.04,4.2,-1.1199999999999999,-0.6,-1.16,-0.6,7.0,6.68,-0.5599999999999999,-0.6,1.8399999999999999,2.44,-0.36,0.27999999999999997,-0.8400000000000001,-0.96,1.8,3.88,-0.8
2025-04-15 00:01:43.085000+00:00,False,False,True,-0.4,0.52,0.6,-0.4,-0.12,-0.44000000000000006,-0.0,0.2,1.4,-0.0,-0.5599999999999999,0.64,1.28,-1.04,-0.08,-0.4,-0.44000000000000006,-0.0,0.48,-0.76,-0.8,-0.9199999999999999,-0.2,-0.4,0.12,-0.2,-0.44000000000000006,0.24,0.5599999999999999,-0.4,0.32,4.88,7.76,-0.44000000000000006,0.6,0.08,0.08,0.64,1.52,0.2,0.8400000000000001,7.76,8.559999999999999,0.48,0.6799999999999999,0.27999999999999997,0.6,5.92,6.24,1.08,-0.4,2.32,2.44,0.08,0.76,-0.32,-0.6,3.3200000000000003,6.36,-0.2,-1.6800000000000002,2.52,4.04,-1.08,-0.5599999999999999,-1.16,-0.5599999999999999,7.0,6.720000000000001,-0.6,-0.6,2.2,2.32,-0.36,0.32,-0.8,-0.9199999999999999,1.8399999999999999,3.9200000000000004,-0.8
2025-04-15 00:01:43.109000+00:00,False,False,True,-0.4,0.6,0.6,-0.4,-0.12,-0.44000000000000006,-0.0,0.2,1.4,-0.0,-0.5599999999999999,0.76,1.2,-1.0,-0.08,-0.4,-0.48,-0.0,0.48,-0.8,-0.8,-0.5599999999999999,-0.12,-0.4,0.08,-0.2,-0.44000000000000006,0.24,0.5599999999999999,-0.4,0.27999999999999997,5.4399999999999995,7.44,-0.36,0.6,0.12,0.08,0.64,1.48,0.16,0.8800000000000001,8.68,8.28,0.52,0.72,0.32,0.64,6.16,6.68,1.1199999999999999,-0.4,2.84,2.2800000000000002,0.12,0.76,-0.24,-0.5599999999999999,3.4,6.5200000000000005,-0.16,-1.72,3.04,3.7600000000000002,-1.04,-0.5599999999999999,-1.1199999999999999,-0.52,7.040000000000001,6.92,-0.5599999999999999,-0.64,2.56,2.16,-0.36,0.4,-0.6799999999999999,-0.8800000000000001,1.9600000000000002,4.04,-0.76
2025-04-15 00:01:43.146000+00:00,False,False,True,-0.4,0.64,0.6,-0.36,-0.12,-0.4,0.04,0.2,1.4,-0.0,-0.6,0.8800000000000001,1.16,-1.0,-0.12,-0.4,-0.52,-0.0,0.48,-0.8,-0.8,-0.2,-0.08,-0.4,0.04,-0.2,-0.44000000000000006,0.24,0.5599999999999999,-0.4,0.27999999999999997,5.96,7.040000000000001,-0.27999999999999997,0.6,0.12,0.04,0.6,1.4,0.16,0.96,9.52,7.8,0.64,0.76,0.44000000000000006,0.76,6.5200000000000005,7.4,1.28,-0.44000000000000006,3.3200000000000003,2.08,0.16,0.8400000000000001,-0.16,-0.52,3.44,6.720000000000001,-0.12,-1.7600000000000002,3.44,3.4,-1.0,-0.5599999999999999,-1.08,-0.48,7.08,7.279999999999999,-0.48,-0.6799999999999999,2.88,1.9600000000000002,-0.32,0.4,-0.6,-0.8,2.04,4.24,-0.72
2025-04-15 00:01:43.147000+00:00,False,False,True,-0.44000000000000006,0.72,0.5599999999999999,-0.32,-0.08,-0.4,0.04,0.2,1.4,-0.0,-0.6,0.96,1.08,-0.96,-0.12,-0.4,-0.52,-0.0,0.52,-0.8,-0.8,0.08,-0.04,-0.4,-0.0,-0.2,-0.44000000000000006,0.24,0.5599999999999999,-0.4,0.24,6.36,6.5200000000000005,-0.24,0.6,0.08,-0.0,0.6,1.3599999999999999,0.12,1.0,10.120000000000001,7.12,0.72,0.8,0.5599999999999999,0.8400000000000001,6.840000000000001,8.32,1.52,-0.52,3.7600000000000002,1.8399999999999999,0.2,0.8800000000000001,-0.08,-0.48,3.5200000000000005,6.959999999999999,-0.12,-1.7600000000000002,3.7600000000000002,2.96,-1.0,-0.52,-1.04,-0.44000000000000006,7.08,7.68,-0.44000000000000006,-0.76,3.16,1.72,-0.27999999999999997,0.48,-0.52,-0.72,2.12,4.4399999999999995,-0.6799999999999999
2025-04-15 00:01:43.148000+00:00,False,True,True,-0.44000000000000006,0.72,0.52,-0.27999999999999997,-0.08,-0.4,0.04,0.2,1.4,-0.0,-0.6,1.0,1.0,-0.96,-0.12,-0.4,-0.48,-0.04,0.5599999999999999,-0.8,-0.8,0.2,-0.04,-0.4,-0.0,-0.2,-0.44000000000000006,0.2,0.6,-0.4,0.24,6.5200000000000005,6.08,-0.16,0.6,0.12,-0.0,0.6,1.4,0.08,0.96,10.2,6.36,0.76,0.8400000000000001,0.64,0.9199999999999999,7.159999999999999,9.32,1.7600000000000002,-0.6,3.9200000000000004,1.52,0.2,0.9199999999999999,-0.04,-0.44000000000000006,3.56,7.159999999999999,-0.08,-1.8399999999999999,3.7600000000000002,2.48,-1.0,-0.48,-1.0,-0.4,7.0,8.08,-0.36,-0.8,3.2,1.48,-0.27999999999999997,0.52,-0.4,-0.64,2.2,4.64,-0.6799999999999999
2025-04-15 00:01:43.167000+00:00,False,False,False,-0.44000000000000006,0.6799999999999999,0.44000000000000006,-0.24,-0.12,-0.4,0.04,0.24,1.4,-0.0,-0.6,1.0,0.9199999999999999,-0.9199999999999999,-0.08,-0.4,-0.52,-0.04,0.6,-0.8,-0.8,0.27999999999999997,-0.08,-0.4,-0.0,-0.2,-0.4,0.2,0.6,-0.4,0.24,6.640000000000001,5.5200000000000005,-0.12,0.6,0.12,-0.0,0.6,1.44,0.08,0.9199999999999999,10.2,5.5200000000000005,0.8,0.8800000000000001,0.72,0.96,7.32,10.32,1.9600000000000002,-0.72,3.84,1.2,0.2,0.96,-0.0,-0.4,3.56,7.279999999999999,-0.08,-1.92,3.72,2.0,-1.0,-0.48,-1.0,-0.4,6.840000000000001,8.48,-0.27999999999999997,-0.8800000000000001,3.08,1.2,-0.24,0.52,-0.32,-0.5599999999999999,2.2399999999999998,4.8,-0.64
2025-04-15 00:01:43.168000+00:00,False,False,False,-0.44000000000000006,0.6799999999999999,0.4,-0.2,-0.16,-0.4,0.08,0.24,1.44,-0.0,-0.6799999999999999,1.0,0.8400000000000001,-0.8800000000000001,-0.08,-0.4,-0.52,-0.04,0.6,-0.8,-0.8,0.32,-0.12,-0.36,0.04,-0.2,-0.4,0.2,0.6,-0.4,0.24,6.68,4.92,-0.08,0.6,0.12,-0.0,0.6,1.52,0.08,0.8400000000000001,10.120000000000001,4.68,0.8400000000000001,0.8800000000000001,0.8400000000000001,1.0,7.32,11.040000000000001,2.12,-0.8800000000000001,3.56,0.8800000000000001,0.2,1.0,-0.0,-0.36,3.5200000000000005,7.4,-0.12,-2.0,3.56,1.52,-0.96,-0.48,-1.0,-0.4,6.56,8.76,-0.24,-0.96,2.88,0.9199999999999999,-0.2,0.52,-0.27999999999999997,-0.48,2.2399999999999998,4.88,-0.64
2025-04-15 00:01:43.207000+00:00,False,False,False,-0.44000000000000006,0.6799999999999999,0.32,-0.2,-0.12,-0.4,0.08,0.24,1.44,-0.0,-0.72,1.0,0.76,-0.8400000000000001,-0.04,-0.4,-0.48,-0.08,0.6,-0.8,-0.8,0.36,-0.16,-0.32,0.08,-0.2,-0.4,0.2,0.6,-0.4,0.2,6.640000000000001,4.32,-0.04,0.6,0.12,-0.0,0.6,1.6800000000000002,0.04,0.72,9.92,3.9200000000000004,0.8,0.8800000000000001,0.8800000000000001,1.0,7.24,11.559999999999999,2.2399999999999998,-1.04,3.2399999999999998,0.52,0.2,0.96,0.04,-0.32,3.5200000000000005,7.5200000000000005,-0.12,-2.12,3.44,1.04,-0.96,-0.48,-0.96,-0.4,6.2,8.959999999999999,-0.24,-1.04,2.6399999999999997,0.72,-0.2,0.5599999999999999,-0.2,-0.44000000000000006,2.2,4.92,-0.64
2025-04-15 00:01:43.207000+00:00,False,False,False,-0.4,0.64,0.27999999999999997,-0.2,-0.12,-0.4,0.12,0.24,1.48,-0.0,-0.76,1.0,0.6799999999999999,-0.8400000000000001,-0.08,-0.4,-0.48,-0.12,0.64,-0.8,-0.8,0.4,-0.24,-0.32,0.12,-0.2,-0.4,0.16,0.6,-0.4,0.16,6.5200000000000005,3.72,-0.0,0.6,0.12,-0.0,0.6,1.8,0.04,0.5599999999999999,9.72,3.28,0.8,0.8800000000000001,0.8800000000000001,1.0,7.12,11.879999999999999,2.2800000000000002,-1.16,2.96,0.24,0.2,0.9199999999999999,0.08,-0.27999999999999997,3.4799999999999995,7.640000000000001,-0.12,-2.2399999999999998,3.28,0.64,-0.9199999999999999,-0.48,-0.96,-0.4,5.88,9.16,-0.2,-1.16,2.48,0.5599999999999999,-0.2,0.5599999999999999,-0.12,-0.4,2.16,5.04,-0.64
2025-04-15 00:01:43.227000+00:00,False,False,False,-0.4,0.6799999999999999,0.24,-0.2,-0.12,-0.4,0.16,0.24,1.52,-0.0,-0.8,1.0,0.64,-0.8400000000000001,-0.08,-0.4,-0.48,-0.12,0.64,-0.76,-0.8,0.4,-0.27999999999999997,-0.32,0.12,-0.2,-0.4,0.16,0.6,-0.44000000000000006,0.12,6.24,3.16,-0.0,0.6,0.08,-0.0,0.5599999999999999,1.92,0.04,0.44000000000000006,9.52,2.8,0.8,0.8400000000000001,0.8800000000000001,1.0,6.959999999999999,12.120000000000001,2.32,-1.3599999999999999,2.7600000000000002,0.12,0.2,0.8800000000000001,0.12,-0.24,3.44,7.76,-0.16,-2.3600000000000003,3.2,0.36,-0.8800000000000001,-0.52,-0.9199999999999999,-0.4,5.64,9.4,-0.16,-1.24,2.3600000000000003,0.48,-0.2,0.52,-0.12,-0.4,2.08,5.12,-0.6
2025-04-15 00:01:43.228000+00:00,False,False,False,-0.4,0.6799999999999999,0.24,-0.2,-0.08,-0.4,0.16,0.2,1.56,-0.0,-0.8,1.0,0.5599999999999999,-0.8400000000000001,-0.08,-0.4,-0.44000000000000006,-0.16,0.6799999999999999,-0.76,-0.8,0.4,-0.32,-0.32,0.16,-0.2,-0.4,0.12,0.6,-0.44000000000000006,0.08,5.84,2.68,-0.0,0.6,0.04,-0.0,0.5599999999999999,2.04,-0.0,0.32,9.4,2.48,0.8,0.8400000000000001,0.9199999999999999,1.0,6.88,12.28,2.3600000000000003,-1.52,2.7199999999999998,0.04,0.2,0.8400000000000001,0.16,-0.2,3.4,7.88,-0.12,-2.44,3.16,0.16,-0.8800000000000001,-0.5599999999999999,-0.9199999999999999,-0.4,5.5200000000000005,9.6,-0.16,-1.3199999999999998,2.3600000000000003,0.44000000000000006,-0.2,0.5599999999999999,-0.08,-0.4,2.04,5.2,-0.6
2025-04-15 00:01:43.264000+00:00,False,False,False,-0.44000000000000006,0.64,0.2,-0.2,-0.04,-0.4,0.16,0.2,1.56,-0.0,-0.76,1.0,0.52,-0.8800000000000001,-0.12,-0.4,-0.4,-0.2,0.72,-0.76,-0.76,0.4,-0.32,-0.36,0.12,-0.2,-0.4,0.08,0.6,-0.44000000000000006,0.04,5.4,2.3600000000000003,-0.0,0.6,-0.0,-0.0,0.5599999999999999,2.12,-0.0,0.24,9.4,2.3600000000000003,0.8400000000000001,0.8400000000000001,0.9199999999999999,1.0,6.88,12.440000000000001,2.4,-1.64,2.88,0.04,0.2,0.8,0.2,-0.16,3.4,8.0,-0.08,-2.56,3.2,0.08,-0.8800000000000001,-0.5599999999999999,-0.9199999999999999,-0.4,5.4399999999999995,9.8,-0.12,-1.4,2.44,0.44000000000000006,-0.16,0.5599999999999999,-0.08,-0.4,2.04,5.279999999999999,-0.6
2025-04-15 00:01:43.265000+00:00,False,False,False,-0.44000000000000006,0.6799999999999999,0.16,-0.2,-0.08,-0.4,0.12,0.2,1.6,-0.0,-0.76,1.0,0.48,-0.9199999999999999,-0.16,-0.4,-0.44000000000000006,-0.16,0.76,-0.76,-0.76,0.44000000000000006,-0.32,-0.36,0.12,-0.2,-0.4,0.04,0.64,-0.48,-0.0,4.96,2.2,-0.0,0.6,-0.0,-0.0,0.5599999999999999,2.2,-0.0,0.2,9.52,2.52,0.8400000000000001,0.8800000000000001,0.9199999999999999,1.0,6.88,12.6,2.4,-1.72,3.2,0.16,0.2,0.8,0.24,-0.12,3.44,8.120000000000001,-0.08,-2.6,3.28,0.2,-0.8800000000000001,-0.5599999999999999,-0.96,-0.4,5.4799999999999995,9.959999999999999,-0.12,-1.48,2.68,0.48,-0.16,0.52,-0.08,-0.4,2.08,5.4,-0.6
2025-04-15 00:01:43.283000+00:00,False,False,False,-0.48,0.72,0.16,-0.2,-0.08,-0.4,0.12,0.2,1.6,-0.0,-0.76,1.0,0.48,-0.96,-0.16,-0.4,-0.44000000000000006,-0.12,0.76,-0.72,-0.76,0.48,-0.27999999999999997,-0.36,0.08,-0.2,-0.44000000000000006,0.04,0.64,-0.48,-0.04,4.5600000000000005,2.2399999999999998,-0.0,0.6,-0.0,-0.0,0.5599999999999999,2.32,-0.0,0.2,9.72,2.96,0.8800000000000001,0.9199999999999999,0.96,1.04,6.92,12.8,2.4,-1.8,3.7600000000000002,0.4,0.24,0.8400000000000001,0.24,-0.12,3.44,8.2,-0.04,-2.6399999999999997,3.4799999999999995,0.48,-0.9199999999999999,-0.6,-0.96,-0.4,5.4799999999999995,10.08,-0.12,-1.52,3.0,0.6,-0.16,0.48,-0.12,-0.4,2.08,5.4399999999999995,-0.6
2025-04-15 00:01:43.302000+00:00,False,False,False,-0.52,0.72,0.16,-0.2,-0.08,-0.4,0.08,0.2,1.6,-0.0,-0.76,1.0,0.52,-0.9199999999999999,-0.12,-0.4,-0.44000000000000006,-0.12,0.8,-0.76,-0.72,0.52,-0.2,-0.36,0.08,-0.2,-0.44000000000000006,-0.0,0.64,-0.44000000000000006,-0.08,4.24,2.4,-0.0,0.6,-0.0,-0.0,0.6,2.44,-0.0,0.2,9.959999999999999,3.6399999999999997,0.96,0.96,1.0,1.08,6.92,12.959999999999999,2.4,-1.7600000000000002,4.5200000000000005,0.72,0.24,0.8400000000000001,0.24,-0.08,3.44,8.32,-0.0,-2.6399999999999997,3.6399999999999997,0.8400000000000001,-0.9199999999999999,-0.64,-1.0,-0.4,5.4399999999999995,10.120000000000001,-0.16,-1.56,3.5200000000000005,0.8,-0.16,0.44000000000000006,-0.12,-0.4,2.08,5.4799999999999995,-0.6
2025-04-15 00:01:43.375000+00:00,False,False,False,-0.5599999999999999,0.76,0.2,-0.2,-0.12,-0.4,0.08,0.2,1.6,-0.0,-0.76,1.0,0.6,-0.9199999999999999,-0.16,-0.4,-0.44000000000000006,-0.12,0.8,-0.76,-0.72,0.5599999999999999,-0.12,-0.36,0.04,-0.2,-0.48,-0.0,0.64,-0.48,-0.12,4.04,2.68,-0.04,0.5599999999999999,-0.0,-0.0,0.6,2.6399999999999997,0.04,0.2,10.24,4.4799999999999995,1.0,0.9199999999999999,1.0,1.08,6.88,13.080000000000002,2.44,-1.72,5.279999999999999,1.04,0.27999999999999997,0.8,0.24,-0.04,3.44,8.440000000000001,-0.0,-2.68,3.84,1.3199999999999998,-0.9199999999999999,-0.72,-1.0,-0.4,5.279999999999999,10.120000000000001,-0.12,-1.6,4.0,1.0,-0.16,0.36,-0.12,-0.4,2.08,5.5600000000000005,-0.6
2025-04-15 00:01:43.376000+00:00,False,False,False,-0.5599999999999999,0.8,0.2,-0.24,-0.16,-0.4,0.04,0.2,1.6,-0.0,-0.8,1.0,0.6799999999999999,-0.9199999999999999,-0.16,-0.4,-0.44000000000000006,-0.12,0.8,-0.76,-0.76,0.6,-0.08,-0.36,0.04,-0.2,-0.52,-0.0,0.64,-0.52,-0.16,3.9200000000000004,2.92,-0.08,0.52,-0.0,-0.0,0.64,2.88,0.04,0.2,10.440000000000001,5.32,1.04,0.9199999999999999,1.0,1.1199999999999999,6.720000000000001,13.12,2.44,-1.6800000000000002,6.0,1.4,0.27999999999999997,0.72,0.27999999999999997,-0.04,3.44,8.52,0.04,-2.68,4.04,1.8,-0.96,-0.8,-1.0,-0.4,5.08,9.959999999999999,-0.16,-1.6,4.4799999999999995,1.28,-0.2,0.24,-0.12,-0.4,2.0,5.6,-0.6
2025-04-15 00:01:43.412000+00:00,False,False,False,-0.6,0.8,0.27999999999999997,-0.24,-0.16,-0.4,0.04,0.2,1.6,-0.0,-0.8,1.0,0.76,-0.9199999999999999,-0.16,-0.4,-0.4,-0.16,0.8,-0.76,-0.76,0.6,-0.04,-0.36,-0.0,-0.2,-0.52,-0.0,0.6,-0.48,-0.16,3.84,3.08,-0.08,0.48,-0.0,-0.0,0.6799999999999999,3.12,0.08,0.2,10.6,6.04,1.1199999999999999,0.8800000000000001,1.0,1.16,6.56,13.080000000000002,2.48,-1.64,6.6,1.7600000000000002,0.32,0.6799999999999999,0.24,-0.04,3.4,8.559999999999999,0.04,-2.7600000000000002,4.24,2.2,-0.9199999999999999,-0.8800000000000001,-1.0,-0.4,4.720000000000001,9.72,-0.16,-1.6,4.84,1.52,-0.2,0.2,-0.12,-0.4,1.92,5.64,-0.5599999999999999
2025-04-15 00:01:43.413000+00:00,False,False,False,-0.6,0.76,0.32,-0.24,-0.2,-0.4,-0.0,0.2,1.6,-0.0,-0.8,1.0,0.8,-0.9199999999999999,-0.16,-0.4,-0.4,-0.2,0.8,-0.8,-0.72,0.6,-0.0,-0.36,-0.0,-0.2,-0.52,-0.0,0.6,-0.52,-0.16,3.8,3.16,-0.08,0.44000000000000006,-0.0,-0.0,0.72,3.3600000000000003,0.12,0.24,10.76,6.6,1.16,0.8400000000000001,1.0,1.16,6.32,12.959999999999999,2.52,-1.56,7.0,2.0,0.32,0.5599999999999999,0.24,-0.0,3.3600000000000003,8.559999999999999,0.08,-2.8,4.36,2.48,-0.9199999999999999,-0.96,-1.0,-0.44000000000000006,4.32,9.32,-0.2,-1.6,5.08,1.72,-0.2,0.16,-0.12,-0.36,1.8800000000000001,5.64,-0.52
2025-04-15 00:01:43.414000+00:00,False,False,False,-0.6,0.76,0.36,-0.24,-0.2,-0.4,-0.0,0.2,1.6,-0.0,-0.8,1.0,0.8,-0.9199999999999999,-0.2,-0.4,-0.4,-0.2,0.8,-0.8,-0.76,0.6,-0.0,-0.36,-0.0,-0.2,-0.52,-0.04,0.6,-0.52,-0.16,3.8,3.2399999999999998,-0.08,0.4,-0.0,-0.0,0.76,3.6399999999999997,0.2,0.24,10.879999999999999,7.0,1.16,0.8,1.0,1.16,6.04,12.72,2.52,-1.52,7.2,2.2,0.36,0.52,0.27999999999999997,-0.0,3.28,8.48,0.12,-2.84,4.4799999999999995,2.68,-0.96,-1.0,-1.0,-0.48,3.7600000000000002,8.76,-0.24,-1.56,5.16,1.8399999999999999,-0.2,0.16,-0.12,-0.32,1.8,5.64,-0.48
2025-04-15 00:01:43.451000+00:00,False,False,False,-0.6,0.76,0.36,-0.24,-0.2,-0.4,-0.0,0.2,1.6,-0.0,-0.8,1.0,0.8,-0.96,-0.2,-0.4,-0.4,-0.2,0.8,-0.8,-0.72,0.6,-0.0,-0.32,-0.0,-0.2,-0.52,-0.08,0.5599999999999999,-0.52,-0.12,3.7600000000000002,3.28,-0.04,0.4,0.04,-0.0,0.8400000000000001,3.84,0.24,0.24,10.92,7.2,1.2,0.8,1.0,1.2,5.8,12.48,2.52,-1.48,7.32,2.4,0.36,0.52,0.27999999999999997,-0.0,3.2,8.36,0.16,-2.84,4.5600000000000005,2.7600000000000002,-0.96,-1.04,-1.0,-0.52,3.2399999999999998,8.16,-0.32,-1.56,5.2,1.9600000000000002,-0.2,0.16,-0.16,-0.27999999999999997,1.7600000000000002,5.5600000000000005,-0.44000000000000006
2025-04-15 00:01:43.452000+00:00,False,False,False,-0.6,0.76,0.4,-0.2,-0.2,-0.4,-0.0,0.2,1.6,-0.0,-0.8,1.0,0.8,-0.96,-0.2,-0.4,-0.4,-0.2,0.8,-0.8,-0.6799999999999999,0.6,-0.0,-0.27999999999999997,-0.0,-0.2,-0.52,-0.12,0.5599999999999999,-0.52,-0.12,3.7600000000000002,3.3200000000000003,-0.0,0.4,0.08,-0.0,0.8800000000000001,4.04,0.32,0.27999999999999997,10.959999999999999,7.32,1.2,0.8,1.0,1.2,5.6,12.24,2.56,-1.44,7.359999999999999,2.56,0.4,0.52,0.27999999999999997,-0.0,3.12,8.24,0.16,-2.84,4.64,2.84,-0.96,-1.04,-1.0,-0.6,2.8,7.640000000000001,-0.36,-1.52,5.2,2.0,-0.2,0.2,-0.12,-0.24,1.72,5.5200000000000005,-0.4
2025-04-15 00:01:43.470000+00:00,False,False,False,-0.6,0.76,0.4,-0.2,-0.2,-0.4,-0.0,0.2,1.6,-0.0,-0.8,1.0,0.8,-0.96,-0.2,-0.4,-0.4,-0.2,0.8,-0.8,-0.64,0.6,-0.0,-0.32,-0.0,-0.2,-0.5599999999999999,-0.16,0.5599999999999999,-0.52,-0.12,3.7600000000000002,3.3600000000000003,-0.0,0.4,0.08,-0.0,0.9199999999999999,4.2,0.36,0.32,11.0,7.4,1.2,0.8,1.0,1.2,5.4,12.0,2.56,-1.4,7.44,2.6,0.4,0.48,0.27999999999999997,-0.0,3.0,8.120000000000001,0.2,-2.7600000000000002,4.68,2.84,-1.0,-1.08,-1.0,-0.6799999999999999,2.48,7.159999999999999,-0.4,-1.52,5.24,2.04,-0.2,0.2,-0.16,-0.24,1.64,5.4,-0.4
2025-04-15 00:01:43.471000+00:00,False,False,False,-0.6,0.8,0.4,-0.2,-0.2,-0.4,-0.0,0.2,1.6,-0.0,-0.8,1.0,0.8,-0.96,-0.2,-0.4,-0.4,-0.2,0.8,-0.8,-0.64,0.6,0.04,-0.32,-0.0,-0.2,-0.5599999999999999,-0.2,0.52,-0.52,-0.08,3.7600000000000002,3.4,-0.0,0.4,0.08,-0.0,0.96,4.36,0.4,0.32,11.040000000000001,7.44,1.2,0.8,1.04,1.2,5.24,11.8,2.52,-1.4,7.44,2.68,0.4,0.48,0.32,-0.0,2.92,8.0,0.2,-2.7600000000000002,4.76,2.88,-1.04,-1.1199999999999999,-1.0,-0.6799999999999999,2.2,6.8,-0.4,-1.48,5.279999999999999,2.08,-0.2,0.16,-0.16,-0.24,1.6,5.32,-0.4
2025-04-15 00:01:43.508000+00:00,False,False,False,-0.6,0.8,0.4,-0.2,-0.2,-0.4,-0.0,0.2,1.6,-0.0,-0.76,1.0,0.8,-0.96,-0.2,-0.4,-0.4,-0.2,0.8,-0.8,-0.6,0.6,0.08,-0.32,-0.0,-0.2,-0.5599999999999999,-0.2,0.48,-0.5599999999999999,-0.08,3.72,3.3600000000000003,-0.0,0.4,0.12,0.04,1.0,4.4399999999999995,0.4,0.36,11.08,7.4799999999999995,1.2,0.8,1.08,1.2,5.16,11.72,2.56,-1.4,7.4799999999999995,2.7199999999999998,0.4,0.44000000000000006,0.32,-0.0,2.84,7.92,0.2,-2.7600000000000002,4.88,2.92,-1.04,-1.1199999999999999,-1.0,-0.72,2.12,6.640000000000001,-0.4,-1.52,5.32,2.08,-0.2,0.12,-0.16,-0.24,1.56,5.279999999999999,-0.4
2025-04-15 00:01:43.509000+00:00,False,False,False,-0.6,0.8,0.4,-0.2,-0.2,-0.4,-0.0,0.2,1.6,-0.0,-0.76,1.0,0.8,-0.9199999999999999,-0.2,-0.4,-0.4,-0.2,0.8,-0.76,-0.64,0.64,0.12,-0.32,-0.0,-0.2,-0.5599999999999999,-0.2,0.52,-0.5599999999999999,-0.08,3.72,3.3200000000000003,-0.0,0.44000000000000006,0.12,0.08,1.04,4.5600000000000005,0.4,0.4,11.120000000000001,7.5200000000000005,1.16,0.8,1.1199999999999999,1.2,5.08,11.64,2.56,-1.4,7.5200000000000005,2.7600000000000002,0.4,0.44000000000000006,0.32,-0.0,2.7600000000000002,7.840000000000001,0.16,-2.7199999999999998,5.04,2.96,-1.04,-1.08,-1.0,-0.76,2.04,6.5200000000000005,-0.4,-1.52,5.36,2.12,-0.2,0.08,-0.16,-0.24,1.44,5.2,-0.4
2025-04-15 00:01:43.528000+00:00,False,False,False,-0.6,0.8,0.4,-0.2,-0.2,-0.4,-0.0,0.2,1.6,-0.0,-0.72,1.0,0.8,-0.9199999999999999,-0.2,-0.4,-0.44000000000000006,-0.2,0.8,-0.72,-0.6799999999999999,0.64,0.16,-0.32,-0.0,-0.2,-0.5599999999999999,-0.2,0.52,-0.5599999999999999,-0.04,3.6799999999999997,3.28,-0.0,0.48,0.12,0.08,1.04,4.68,0.4,0.4,11.2,7.56,1.1199999999999999,0.8,1.1199999999999999,1.16,5.0,11.6,2.56,-1.4,7.6,2.7600000000000002,0.4,0.48,0.32,-0.0,2.6399999999999997,7.720000000000001,0.16,-2.7199999999999998,5.2,2.96,-1.04,-1.08,-1.0,-0.72,1.92,6.4,-0.4,-1.52,5.4399999999999995,2.16,-0.2,0.04,-0.2,-0.24,1.3599999999999999,5.12,-0.4
2025-04-15 00:01:43.570000+00:00,False,False,False,-0.5599999999999999,0.8,0.4,-0.2,-0.2,-0.4,-0.0,0.2,1.6,-0.0,-0.76,1.0,0.8,-0.9199999999999999,-0.2,-0.4,-0.44000000000000006,-0.2,0.8,-0.6799999999999999,-0.72,0.6799999999999999,0.16,-0.27999999999999997,-0.0,-0.2,-0.52,-0.2,0.48,-0.6,-0.04,3.6399999999999997,3.2399999999999998,-0.0,0.52,0.16,0.12,1.04,4.84,0.4,0.4,11.32,7.640000000000001,1.1199999999999999,0.8,1.1199999999999999,1.16,4.92,11.6,2.56,-1.4,7.640000000000001,2.84,0.4,0.48,0.32,-0.0,2.48,7.56,0.12,-2.7600000000000002,5.4,3.04,-1.04,-1.04,-1.0,-0.6799999999999999,1.8,6.279999999999999,-0.36,-1.52,5.4799999999999995,2.16,-0.2,-0.0,-0.2,-0.2,1.28,5.04,-0.4
2025-04-15 00:01:43.571000+00:00,False,False,False,-0.5599999999999999,0.8,0.4,-0.2,-0.2,-0.4,-0.0,0.16,1.6,-0.0,-0.72,1.0,0.8,-0.8800000000000001,-0.2,-0.36,-0.44000000000000006,-0.2,0.8,-0.6799999999999999,-0.76,0.6799999999999999,0.16,-0.24,-0.0,-0.2,-0.52,-0.2,0.48,-0.6,-0.04,3.6,3.2,-0.0,0.5599999999999999,0.2,0.16,1.08,4.96,0.4,0.4,11.440000000000001,7.720000000000001,1.1199999999999999,0.8,1.04,1.16,4.88,11.559999999999999,2.6399999999999997,-1.4,7.720000000000001,2.88,0.36,0.48,0.32,-0.0,2.2800000000000002,7.4,0.12,-2.7600000000000002,5.6,3.08,-1.0,-1.0,-1.0,-0.6799999999999999,1.6800000000000002,6.2,-0.36,-1.56,5.5200000000000005,2.16,-0.2,-0.0,-0.16,-0.24,1.16,4.96,-0.4
2025-04-15 00:01:43.585000+00:00,False,False,False,-0.5599999999999999,0.8,0.4,-0.2,-0.2,-0.4,-0.0,0.12,1.6,-0.0,-0.76,1.0,0.8,-0.9199999999999999,-0.2,-0.36,-0.48,-0.24,0.8,-0.6799999999999999,-0.76,0.72,0.12,-0.24,-0.0,-0.2,-0.5599999999999999,-0.24,0.48,-0.5599999999999999,-0.0,3.6,3.2,-0.0,0.5599999999999999,0.2,0.16,1.1199999999999999,5.12,0.4,0.4,11.559999999999999,7.8,1.1199999999999999,0.8,1.0,1.16,4.8,11.52,2.68,-1.4,7.8,2.92,0.36,0.48,0.27999999999999997,-0.0,2.12,7.24,0.08,-2.7199999999999998,5.76,3.16,-0.96,-1.0,-1.0,-0.64,1.52,6.12,-0.32,-1.56,5.5600000000000005,2.2399999999999998,-0.2,0.04,-0.16,-0.24,1.08,4.84,-0.36
